file,source,label,status,said,prob
C10P11E1.jpg,rocole,coffee_healthy,CONFIDENT,coffee_healthy,0.9678
C10P11H1.jpg,rocole,coffee_healthy,CONFIDENT,coffee_healthy,0.984
C10P18E1.jpg,rocole,coffee_healthy,CONFIDENT,coffee_healthy,0.9901
C10P18H1.jpg,rocole,coffee_healthy,CONFIDENT,coffee_healthy,0.9944
C10P27E1.jpg,rocole,coffee_healthy,UNCERTAIN,coffee_healthy,0.9306
C10P27H1.jpg,rocole,coffee_healthy,CONFIDENT,coffee_healthy,0.9931
C10P28E1.jpg,rocole,coffee_healthy,CONFIDENT,coffee_healthy,0.9936
C10P28H1.jpg,rocole,coffee_healthy,CONFIDENT,coffee_healthy,0.9836
C10P3E1.jpg,rocole,coffee_healthy,CONFIDENT,coffee_rust,0.9932
C10P3E2.jpg,rocole,coffee_healthy,CONFIDENT,coffee_healthy,0.9885
C10P3H2.jpg,rocole,coffee_healthy,CONFIDENT,coffee_healthy,0.9875
C10P9E1.jpg,rocole,coffee_healthy,CONFIDENT,coffee_healthy,0.9936
C10P9H1.jpg,rocole,coffee_healthy,CONFIDENT,coffee_healthy,0.9923
C11P13E1.jpg,rocole,coffee_healthy,CONFIDENT,coffee_healthy,0.9888
C11P13H1.jpg,rocole,coffee_healthy,CONFIDENT,coffee_healthy,0.9882
C11P14E1.jpg,rocole,coffee_healthy,CONFIDENT,coffee_healthy,0.9921
C11P14H1.jpg,rocole,coffee_healthy,CONFIDENT,coffee_healthy,0.9955
C11P23H1.jpg,rocole,coffee_healthy,CONFIDENT,coffee_healthy,0.9882
C11P30E1.jpg,rocole,coffee_healthy,CONFIDENT,coffee_healthy,0.9829
C11P30H1.jpg,rocole,coffee_healthy,CONFIDENT,coffee_healthy,0.9907
C11P35E1.jpg,rocole,coffee_healthy,CONFIDENT,coffee_healthy,0.9893
C11P35E2.jpg,rocole,coffee_healthy,CONFIDENT,coffee_rust,0.8052
C11P35H1.jpg,rocole,coffee_healthy,CONFIDENT,coffee_healthy,0.9929
C11P35H2.jpg,rocole,coffee_healthy,CONFIDENT,coffee_rust,0.6585
C11P5E1.jpg,rocole,coffee_healthy,CONFIDENT,coffee_healthy,0.9926
C11P5H1.jpg,rocole,coffee_healthy,CONFIDENT,coffee_healthy,0.9908
C12P13E1.jpg,rocole,coffee_healthy,CONFIDENT,coffee_healthy,0.993
C12P13H1.jpg,rocole,coffee_healthy,CONFIDENT,coffee_healthy,0.9834
C12P21E1.jpg,rocole,coffee_healthy,CONFIDENT,coffee_healthy,0.9796
C12P21H1.jpg,rocole,coffee_healthy,CONFIDENT,coffee_healthy,0.9857
C12P29E1.jpg,rocole,coffee_healthy,CONFIDENT,coffee_healthy,0.9933
C12P29H1.jpg,rocole,coffee_healthy,CONFIDENT,coffee_healthy,0.9914
C12P3E1.jpg,rocole,coffee_healthy,CONFIDENT,coffee_healthy,0.996
C12P3H1.jpg,rocole,coffee_healthy,CONFIDENT,coffee_healthy,0.9892
C12P40E1.jpg,rocole,coffee_healthy,UNCERTAIN,coffee_healthy,0.9415
C12P40H1.jpg,rocole,coffee_healthy,CONFIDENT,coffee_healthy,0.99
C12P9E1.jpg,rocole,coffee_healthy,CONFIDENT,coffee_healthy,0.9926
C12P9H1.jpg,rocole,coffee_healthy,CONFIDENT,coffee_healthy,0.9912
C1P10E1.jpg,rocole,coffee_healthy,CONFIDENT,coffee_healthy,0.9825
C1P10H1.jpg,rocole,coffee_healthy,CONFIDENT,coffee_healthy,0.9863
C1P20E1.jpg,rocole,coffee_healthy,CONFIDENT,coffee_healthy,0.9913
C1P20H1.jpg,rocole,coffee_healthy,UNCERTAIN,coffee_healthy,0.9194
C1P32E1.jpg,rocole,coffee_healthy,CONFIDENT,coffee_healthy,0.9917
C1P32H1.jpg,rocole,coffee_healthy,CONFIDENT,coffee_healthy,0.9931
C1P4E1.jpg,rocole,coffee_healthy,CONFIDENT,coffee_healthy,0.9844
C1P4H1.jpg,rocole,coffee_healthy,CONFIDENT,coffee_healthy,0.9933
C2P11E1.jpg,rocole,coffee_healthy,CONFIDENT,coffee_healthy,0.9854
C2P11H1.jpg,rocole,coffee_healthy,CONFIDENT,coffee_healthy,0.9875
C2P12E1.jpg,rocole,coffee_healthy,CONFIDENT,coffee_healthy,0.9861
C2P12H1.jpg,rocole,coffee_healthy,CONFIDENT,coffee_healthy,0.9887
C2P33E1.jpg,rocole,coffee_healthy,CONFIDENT,coffee_healthy,0.9903
C2P33H1.jpg,rocole,coffee_healthy,CONFIDENT,coffee_healthy,0.9825
C2P3E1.jpg,rocole,coffee_healthy,CONFIDENT,coffee_healthy,0.9907
C2P3H1.jpg,rocole,coffee_healthy,CONFIDENT,coffee_healthy,0.9872
C2P5E1.jpg,rocole,coffee_healthy,CONFIDENT,coffee_healthy,0.986
C2P5H1.jpg,rocole,coffee_healthy,CONFIDENT,coffee_healthy,0.9841
C2P9E1.jpg,rocole,coffee_healthy,CONFIDENT,coffee_healthy,0.9895
C2P9H1.jpg,rocole,coffee_healthy,CONFIDENT,coffee_healthy,0.9892
C3P22E1.jpg,rocole,coffee_healthy,CONFIDENT,coffee_healthy,0.9922
C3P22H1.jpg,rocole,coffee_healthy,CONFIDENT,coffee_healthy,0.9798
C3P23E1.jpg,rocole,coffee_healthy,CONFIDENT,coffee_healthy,0.9963
C3P23H1.jpg,rocole,coffee_healthy,CONFIDENT,coffee_healthy,0.9891
C3P2E1.jpg,rocole,coffee_healthy,CONFIDENT,coffee_healthy,0.984
C3P2H1.jpg,rocole,coffee_healthy,CONFIDENT,coffee_healthy,0.9884
C3P30E1.jpg,rocole,coffee_healthy,CONFIDENT,coffee_healthy,0.9927
C3P30H1.jpg,rocole,coffee_healthy,CONFIDENT,coffee_healthy,0.9931
C3P38E1.jpg,rocole,coffee_healthy,CONFIDENT,coffee_healthy,0.9926
C3P38H1.jpg,rocole,coffee_healthy,CONFIDENT,coffee_healthy,0.9812
C4P18E1.jpg,rocole,coffee_healthy,CONFIDENT,coffee_healthy,0.9932
C4P18H1.jpg,rocole,coffee_healthy,CONFIDENT,coffee_healthy,0.9919
C4P21E1.jpg,rocole,coffee_healthy,CONFIDENT,coffee_healthy,0.9866
C4P21H1.jpg,rocole,coffee_healthy,CONFIDENT,coffee_healthy,0.9849
C5P13E1.jpg,rocole,coffee_healthy,CONFIDENT,coffee_healthy,0.9912
C5P13E2.jpg,rocole,coffee_healthy,CONFIDENT,coffee_healthy,0.9598
C5P13H1.jpg,rocole,coffee_healthy,CONFIDENT,coffee_healthy,0.9909
C5P22E1.jpg,rocole,coffee_healthy,CONFIDENT,coffee_healthy,0.9889
C5P22H1.jpg,rocole,coffee_healthy,CONFIDENT,coffee_healthy,0.9852
C5P31E1.jpg,rocole,coffee_healthy,CONFIDENT,coffee_healthy,0.9809
C5P31H1.jpg,rocole,coffee_healthy,CONFIDENT,coffee_healthy,0.9813
C5P40E1.jpg,rocole,coffee_healthy,CONFIDENT,coffee_healthy,0.9905
C5P40H1.jpg,rocole,coffee_healthy,CONFIDENT,coffee_healthy,0.9915
C6P20E1.jpg,rocole,coffee_healthy,CONFIDENT,coffee_healthy,0.9918
C6P20H1.jpg,rocole,coffee_healthy,UNCERTAIN,coffee_healthy,0.8942
C6P32E2.jpg,rocole,coffee_healthy,CONFIDENT,coffee_healthy,0.9844
C6P32H2.jpg,rocole,coffee_healthy,CONFIDENT,coffee_healthy,0.9945
C6P4E1.jpg,rocole,coffee_healthy,CONFIDENT,coffee_healthy,0.9896
C6P4H1.jpg,rocole,coffee_healthy,CONFIDENT,coffee_healthy,0.9933
C6P8E1.jpg,rocole,coffee_healthy,CONFIDENT,coffee_healthy,0.9839
C6P8H1.jpg,rocole,coffee_healthy,CONFIDENT,coffee_healthy,0.9934
C7P15E2.jpg,rocole,coffee_healthy,CONFIDENT,coffee_healthy,0.9895
C7P15H2.jpg,rocole,coffee_healthy,CONFIDENT,coffee_healthy,0.9943
C7P21E1.jpg,rocole,coffee_healthy,CONFIDENT,coffee_healthy,0.9902
C7P21H1.jpg,rocole,coffee_healthy,CONFIDENT,coffee_healthy,0.9899
C7P24E1.jpg,rocole,coffee_healthy,CONFIDENT,coffee_healthy,0.9904
C7P24H1.jpg,rocole,coffee_healthy,CONFIDENT,coffee_healthy,0.9793
C7P2E2.jpg,rocole,coffee_healthy,UNCERTAIN,coffee_healthy,0.7083
C7P2H2.jpg,rocole,coffee_healthy,CONFIDENT,coffee_healthy,0.9892
C7P40E1.jpg,rocole,coffee_healthy,CONFIDENT,coffee_healthy,0.9902
C7P40H1.jpg,rocole,coffee_healthy,CONFIDENT,coffee_healthy,0.985
C7P7E1.jpg,rocole,coffee_healthy,CONFIDENT,coffee_healthy,0.9901
C7P7H1.jpg,rocole,coffee_healthy,CONFIDENT,coffee_healthy,0.9818
C8P19E1.jpg,rocole,coffee_healthy,CONFIDENT,coffee_healthy,0.986
C8P19H1.jpg,rocole,coffee_healthy,CONFIDENT,coffee_healthy,0.9887
C8P39E1.jpg,rocole,coffee_healthy,CONFIDENT,coffee_healthy,0.9879
C8P39H1.jpg,rocole,coffee_healthy,CONFIDENT,coffee_healthy,0.9811
C9P18E2.jpg,rocole,coffee_healthy,UNCERTAIN,coffee_healthy,0.9365
C9P18H2.jpg,rocole,coffee_healthy,UNCERTAIN,coffee_healthy,0.7845
C9P23E2.jpg,rocole,coffee_healthy,CONFIDENT,coffee_healthy,0.9925
C9P23H2.jpg,rocole,coffee_healthy,CONFIDENT,coffee_healthy,0.9907
C9P34E2.jpg,rocole,coffee_healthy,CONFIDENT,coffee_healthy,0.9733
C9P34H2.jpg,rocole,coffee_healthy,CONFIDENT,coffee_healthy,0.9861
C9P9E2.jpg,rocole,coffee_healthy,CONFIDENT,coffee_healthy,0.9871
C9P9H2.jpg,rocole,coffee_healthy,CONFIDENT,coffee_healthy,0.9802
C10P11E2.jpg,rocole,coffee_rust,CONFIDENT,coffee_rust,0.9935
C10P11H2.jpg,rocole,coffee_rust,CONFIDENT,coffee_rust,0.9938
C10P18H2.jpg,rocole,coffee_rust,CONFIDENT,coffee_rust,0.9863
C10P27E2.jpg,rocole,coffee_rust,CONFIDENT,coffee_rust,0.9532
C10P27H2.jpg,rocole,coffee_rust,CONFIDENT,coffee_rust,0.9883
C10P3H1.jpg,rocole,coffee_rust,CONFIDENT,coffee_rust,0.6798
C10P9H2.jpg,rocole,coffee_rust,CONFIDENT,coffee_rust,0.9878
C11P13E2.jpg,rocole,coffee_rust,CONFIDENT,coffee_rust,0.9869
C11P13H2.jpg,rocole,coffee_rust,CONFIDENT,coffee_rust,0.9859
C11P14E2.jpg,rocole,coffee_rust,CONFIDENT,coffee_rust,0.9881
C11P14H2.jpg,rocole,coffee_rust,CONFIDENT,coffee_rust,0.9907
C11P23E2.jpg,rocole,coffee_rust,CONFIDENT,coffee_rust,0.9871
C11P23H2.jpg,rocole,coffee_rust,CONFIDENT,coffee_rust,0.9831
C11P30H2.jpg,rocole,coffee_rust,CONFIDENT,coffee_rust,0.9851
C11P5E2.jpg,rocole,coffee_rust,CONFIDENT,coffee_rust,0.9791
C11P5H2.jpg,rocole,coffee_rust,CONFIDENT,coffee_rust,0.9449
C12P21E2.jpg,rocole,coffee_rust,CONFIDENT,coffee_rust,0.9934
C12P21H2.jpg,rocole,coffee_rust,CONFIDENT,coffee_rust,0.9931
C12P29E2.jpg,rocole,coffee_rust,CONFIDENT,coffee_rust,0.8798
C12P29H2.jpg,rocole,coffee_rust,CONFIDENT,coffee_rust,0.7303
C12P3E2.jpg,rocole,coffee_rust,CONFIDENT,coffee_rust,0.9875
C12P3H2.jpg,rocole,coffee_rust,CONFIDENT,coffee_rust,0.9855
C12P40E2.jpg,rocole,coffee_rust,CONFIDENT,coffee_rust,0.9916
C12P40H2.jpg,rocole,coffee_rust,CONFIDENT,coffee_rust,0.7787
C12P9E2.jpg,rocole,coffee_rust,CONFIDENT,coffee_rust,0.9918
C12P9H2.jpg,rocole,coffee_rust,CONFIDENT,coffee_rust,0.9924
C1P10E2.jpg,rocole,coffee_rust,CONFIDENT,coffee_rust,0.9902
C1P10H2.jpg,rocole,coffee_rust,CONFIDENT,coffee_rust,0.9897
C1P20E2.jpg,rocole,coffee_rust,CONFIDENT,coffee_rust,0.9911
C1P20H2.jpg,rocole,coffee_rust,CONFIDENT,coffee_rust,0.9859
C1P32E2.jpg,rocole,coffee_rust,UNCERTAIN,coffee_healthy,0.6429
C1P32H2.jpg,rocole,coffee_rust,CONFIDENT,coffee_rust,0.9918
C1P4E2.jpg,rocole,coffee_rust,CONFIDENT,coffee_rust,0.9829
C1P4H2.jpg,rocole,coffee_rust,CONFIDENT,coffee_rust,0.9872
C2P11E2.jpg,rocole,coffee_rust,CONFIDENT,coffee_rust,0.992
C2P11H2.jpg,rocole,coffee_rust,CONFIDENT,coffee_rust,0.9454
C2P33E2.jpg,rocole,coffee_rust,CONFIDENT,coffee_rust,0.9881
C2P3E2.jpg,rocole,coffee_rust,CONFIDENT,coffee_rust,0.941
C2P3H2.jpg,rocole,coffee_rust,CONFIDENT,coffee_rust,0.9652
C2P5E2.jpg,rocole,coffee_rust,CONFIDENT,coffee_rust,0.9578
C2P5H2.jpg,rocole,coffee_rust,CONFIDENT,coffee_rust,0.97
C3P23H2.jpg,rocole,coffee_rust,CONFIDENT,coffee_rust,0.9937
C3P2H2.jpg,rocole,coffee_rust,CONFIDENT,coffee_rust,0.9744
C3P30E2.jpg,rocole,coffee_rust,CONFIDENT,coffee_rust,0.9742
C3P30H2.jpg,rocole,coffee_rust,CONFIDENT,coffee_rust,0.9908
C3P38H2.jpg,rocole,coffee_rust,CONFIDENT,coffee_rust,0.8119
C4P18E2.jpg,rocole,coffee_rust,CONFIDENT,coffee_healthy,0.9885
C4P18H2.jpg,rocole,coffee_rust,CONFIDENT,coffee_rust,0.9908
C4P21E2.jpg,rocole,coffee_rust,UNCERTAIN,coffee_healthy,0.939
C4P21H2.jpg,rocole,coffee_rust,CONFIDENT,coffee_rust,0.9825
C5P13H2.jpg,rocole,coffee_rust,CONFIDENT,coffee_rust,0.8944
C5P22E2.jpg,rocole,coffee_rust,UNCERTAIN,coffee_healthy,0.6418
C5P22H2.jpg,rocole,coffee_rust,UNCERTAIN,coffee_healthy,0.617
C5P31E2.jpg,rocole,coffee_rust,CONFIDENT,coffee_rust,0.978
C5P31H2.jpg,rocole,coffee_rust,CONFIDENT,coffee_rust,0.9951
C5P40E2.jpg,rocole,coffee_rust,UNCERTAIN,coffee_healthy,0.5857
C5P40H2.jpg,rocole,coffee_rust,CONFIDENT,coffee_healthy,0.9808
C6P20E2.jpg,rocole,coffee_rust,CONFIDENT,coffee_rust,0.9911
C6P20H2.jpg,rocole,coffee_rust,CONFIDENT,coffee_rust,0.9953
C6P32E1.jpg,rocole,coffee_rust,CONFIDENT,coffee_rust,0.9034
C6P32H1.jpg,rocole,coffee_rust,CONFIDENT,coffee_rust,0.9055
C6P4E2.jpg,rocole,coffee_rust,CONFIDENT,coffee_rust,0.9792
C6P4H2.jpg,rocole,coffee_rust,CONFIDENT,coffee_rust,0.987
C6P8E2.jpg,rocole,coffee_rust,CONFIDENT,coffee_healthy,0.9817
C6P8H2.jpg,rocole,coffee_rust,CONFIDENT,coffee_rust,0.6121
C7P15E1.jpg,rocole,coffee_rust,CONFIDENT,coffee_rust,0.9908
C7P15H1.jpg,rocole,coffee_rust,CONFIDENT,coffee_rust,0.9872
C7P16E1.jpg,rocole,coffee_rust,CONFIDENT,coffee_rust,0.9932
C7P16E2.jpg,rocole,coffee_rust,CONFIDENT,coffee_rust,0.9927
C7P16H1.jpg,rocole,coffee_rust,CONFIDENT,coffee_rust,0.9952
C7P16H2.jpg,rocole,coffee_rust,CONFIDENT,coffee_rust,0.9908
C7P21E2.jpg,rocole,coffee_rust,UNCERTAIN,coffee_healthy,0.9399
C7P21H2.jpg,rocole,coffee_rust,CONFIDENT,coffee_rust,0.7656
C7P24E2.jpg,rocole,coffee_rust,CONFIDENT,coffee_rust,0.9832
C7P24H2.jpg,rocole,coffee_rust,CONFIDENT,coffee_rust,0.6014
C7P2E1.jpg,rocole,coffee_rust,CONFIDENT,coffee_rust,0.997
C7P2H1.jpg,rocole,coffee_rust,CONFIDENT,coffee_rust,0.9919
C7P40E2.jpg,rocole,coffee_rust,CONFIDENT,coffee_rust,0.9873
C7P40H2.jpg,rocole,coffee_rust,CONFIDENT,coffee_rust,0.9862
C7P6E1.jpg,rocole,coffee_rust,CONFIDENT,coffee_rust,0.931
C7P6H1.jpg,rocole,coffee_rust,CONFIDENT,coffee_rust,0.9811
C7P7E2.jpg,rocole,coffee_rust,CONFIDENT,coffee_rust,0.6847
C7P7H2.jpg,rocole,coffee_rust,CONFIDENT,coffee_rust,0.5159
C8P19E2.jpg,rocole,coffee_rust,CONFIDENT,coffee_rust,0.9955
C8P19H2.jpg,rocole,coffee_rust,CONFIDENT,coffee_rust,0.9868
C8P22E1.jpg,rocole,coffee_rust,CONFIDENT,coffee_rust,0.9931
C8P22E2.jpg,rocole,coffee_rust,CONFIDENT,coffee_rust,0.9908
C8P22H1.jpg,rocole,coffee_rust,CONFIDENT,coffee_rust,0.974
C8P22H2.jpg,rocole,coffee_rust,CONFIDENT,coffee_rust,0.992
C8P39E2.jpg,rocole,coffee_rust,CONFIDENT,coffee_rust,0.9953
C8P39H2.jpg,rocole,coffee_rust,CONFIDENT,coffee_rust,0.8605
C9P18E1.jpg,rocole,coffee_rust,CONFIDENT,coffee_rust,0.9879
C9P18H1.jpg,rocole,coffee_rust,CONFIDENT,coffee_rust,0.9873
C9P23E1.jpg,rocole,coffee_rust,CONFIDENT,coffee_rust,0.9874
C9P23H1.jpg,rocole,coffee_rust,CONFIDENT,coffee_rust,0.9899
C9P34E1.jpg,rocole,coffee_rust,CONFIDENT,coffee_rust,0.5305
C9P9E1.jpg,rocole,coffee_rust,CONFIDENT,coffee_rust,0.9946
C9P9H1.jpg,rocole,coffee_rust,CONFIDENT,coffee_rust,0.988
ibean__angular_leaf_spot__angular_leaf_spot_test.0.jpg,ibean,bean_angular_leaf_spot,CONFIDENT,bean_angular_leaf_spot,0.9777
ibean__angular_leaf_spot__angular_leaf_spot_test.25.jpg,ibean,bean_angular_leaf_spot,CONFIDENT,bean_angular_leaf_spot,0.9823
ibean__angular_leaf_spot__angular_leaf_spot_test.5.jpg,ibean,bean_angular_leaf_spot,CONFIDENT,bean_angular_leaf_spot,0.9496
ibean__bean_rust__bean_rust_test.1.jpg,ibean,bean_rust,CONFIDENT,bean_rust,0.646
ibean__bean_rust__bean_rust_test.12.jpg,ibean,bean_rust,CONFIDENT,bean_rust,0.9947
ibean__bean_rust__bean_rust_test.15.jpg,ibean,bean_rust,CONFIDENT,bean_angular_leaf_spot,0.9144
ibean__bean_rust__bean_rust_test.19.jpg,ibean,bean_rust,CONFIDENT,bean_rust,0.9821
ibean__bean_rust__bean_rust_test.20.jpg,ibean,bean_rust,CONFIDENT,bean_rust,0.9339
ibean__bean_rust__bean_rust_test.27.jpg,ibean,bean_rust,CONFIDENT,bean_rust,0.9944
ibean__bean_rust__bean_rust_test.36.jpg,ibean,bean_rust,CONFIDENT,bean_angular_leaf_spot,0.8481
ibean__bean_rust__bean_rust_test.40.jpg,ibean,bean_rust,CONFIDENT,bean_rust,0.9912
ibean__healthy__healthy_test.25.jpg,ibean,bean_healthy,CONFIDENT,bean_healthy,0.9885
ibean__healthy__healthy_test.27.jpg,ibean,bean_healthy,CONFIDENT,bean_healthy,0.9785
ibean__healthy__healthy_test.39.jpg,ibean,bean_healthy,CONFIDENT,bean_healthy,0.9945
ibean__healthy__healthy_test.8.jpg,ibean,bean_healthy,CONFIDENT,bean_healthy,0.9793
ibean__angular_leaf_spot__angular_leaf_spot_train.103.jpg,ibean,bean_angular_leaf_spot,CONFIDENT,bean_healthy,0.5351
ibean__angular_leaf_spot__angular_leaf_spot_train.111.jpg,ibean,bean_angular_leaf_spot,CONFIDENT,bean_angular_leaf_spot,0.9922
ibean__angular_leaf_spot__angular_leaf_spot_train.120.jpg,ibean,bean_angular_leaf_spot,CONFIDENT,bean_angular_leaf_spot,0.9256
ibean__angular_leaf_spot__angular_leaf_spot_train.145.jpg,ibean,bean_angular_leaf_spot,CONFIDENT,bean_angular_leaf_spot,0.9903
ibean__angular_leaf_spot__angular_leaf_spot_train.153.jpg,ibean,bean_angular_leaf_spot,CONFIDENT,bean_angular_leaf_spot,0.9896
ibean__angular_leaf_spot__angular_leaf_spot_train.156.jpg,ibean,bean_angular_leaf_spot,CONFIDENT,bean_angular_leaf_spot,0.9518
ibean__angular_leaf_spot__angular_leaf_spot_train.16.jpg,ibean,bean_angular_leaf_spot,CONFIDENT,bean_angular_leaf_spot,0.9912
ibean__angular_leaf_spot__angular_leaf_spot_train.166.jpg,ibean,bean_angular_leaf_spot,CONFIDENT,bean_angular_leaf_spot,0.9796
ibean__angular_leaf_spot__angular_leaf_spot_train.199.jpg,ibean,bean_angular_leaf_spot,CONFIDENT,bean_angular_leaf_spot,0.9815
ibean__angular_leaf_spot__angular_leaf_spot_train.204.jpg,ibean,bean_angular_leaf_spot,CONFIDENT,bean_angular_leaf_spot,0.9849
ibean__angular_leaf_spot__angular_leaf_spot_train.213.jpg,ibean,bean_angular_leaf_spot,CONFIDENT,bean_angular_leaf_spot,0.9915
ibean__angular_leaf_spot__angular_leaf_spot_train.216.jpg,ibean,bean_angular_leaf_spot,CONFIDENT,bean_angular_leaf_spot,0.9936
ibean__angular_leaf_spot__angular_leaf_spot_train.221.jpg,ibean,bean_angular_leaf_spot,CONFIDENT,bean_angular_leaf_spot,0.9838
ibean__angular_leaf_spot__angular_leaf_spot_train.228.jpg,ibean,bean_angular_leaf_spot,CONFIDENT,bean_angular_leaf_spot,0.9676
ibean__angular_leaf_spot__angular_leaf_spot_train.242.jpg,ibean,bean_angular_leaf_spot,CONFIDENT,bean_angular_leaf_spot,0.9769
ibean__angular_leaf_spot__angular_leaf_spot_train.245.jpg,ibean,bean_angular_leaf_spot,CONFIDENT,bean_angular_leaf_spot,0.9927
ibean__angular_leaf_spot__angular_leaf_spot_train.249.jpg,ibean,bean_angular_leaf_spot,CONFIDENT,bean_rust,0.5008
ibean__angular_leaf_spot__angular_leaf_spot_train.269.jpg,ibean,bean_angular_leaf_spot,CONFIDENT,bean_angular_leaf_spot,0.9881
ibean__angular_leaf_spot__angular_leaf_spot_train.274.jpg,ibean,bean_angular_leaf_spot,CONFIDENT,bean_angular_leaf_spot,0.9884
ibean__angular_leaf_spot__angular_leaf_spot_train.283.jpg,ibean,bean_angular_leaf_spot,CONFIDENT,bean_angular_leaf_spot,0.9925
ibean__angular_leaf_spot__angular_leaf_spot_train.30.jpg,ibean,bean_angular_leaf_spot,CONFIDENT,bean_angular_leaf_spot,0.9857
ibean__angular_leaf_spot__angular_leaf_spot_train.301.jpg,ibean,bean_angular_leaf_spot,CONFIDENT,bean_angular_leaf_spot,0.9921
ibean__angular_leaf_spot__angular_leaf_spot_train.310.jpg,ibean,bean_angular_leaf_spot,CONFIDENT,bean_angular_leaf_spot,0.9822
ibean__angular_leaf_spot__angular_leaf_spot_train.317.jpg,ibean,bean_angular_leaf_spot,CONFIDENT,bean_angular_leaf_spot,0.678
ibean__angular_leaf_spot__angular_leaf_spot_train.319.jpg,ibean,bean_angular_leaf_spot,CONFIDENT,bean_angular_leaf_spot,0.9897
ibean__angular_leaf_spot__angular_leaf_spot_train.329.jpg,ibean,bean_angular_leaf_spot,CONFIDENT,bean_angular_leaf_spot,0.9933
ibean__angular_leaf_spot__angular_leaf_spot_train.330.jpg,ibean,bean_angular_leaf_spot,CONFIDENT,bean_angular_leaf_spot,0.9902
ibean__angular_leaf_spot__angular_leaf_spot_train.332.jpg,ibean,bean_angular_leaf_spot,CONFIDENT,bean_angular_leaf_spot,0.9862
ibean__angular_leaf_spot__angular_leaf_spot_train.49.jpg,ibean,bean_angular_leaf_spot,CONFIDENT,bean_angular_leaf_spot,0.9892
ibean__angular_leaf_spot__angular_leaf_spot_train.5.jpg,ibean,bean_angular_leaf_spot,CONFIDENT,bean_angular_leaf_spot,0.989
ibean__angular_leaf_spot__angular_leaf_spot_train.53.jpg,ibean,bean_angular_leaf_spot,CONFIDENT,bean_angular_leaf_spot,0.9889
ibean__angular_leaf_spot__angular_leaf_spot_train.64.jpg,ibean,bean_angular_leaf_spot,CONFIDENT,bean_angular_leaf_spot,0.9871
ibean__angular_leaf_spot__angular_leaf_spot_train.79.jpg,ibean,bean_angular_leaf_spot,CONFIDENT,bean_angular_leaf_spot,0.9716
ibean__angular_leaf_spot__angular_leaf_spot_train.80.jpg,ibean,bean_angular_leaf_spot,CONFIDENT,bean_angular_leaf_spot,0.9926
ibean__angular_leaf_spot__angular_leaf_spot_train.94.jpg,ibean,bean_angular_leaf_spot,CONFIDENT,bean_angular_leaf_spot,0.9921
ibean__angular_leaf_spot__angular_leaf_spot_train.98.jpg,ibean,bean_angular_leaf_spot,CONFIDENT,bean_angular_leaf_spot,0.987
ibean__bean_rust__bean_rust_train.115.jpg,ibean,bean_rust,CONFIDENT,bean_rust,0.9922
ibean__bean_rust__bean_rust_train.120.jpg,ibean,bean_rust,CONFIDENT,bean_rust,0.994
ibean__bean_rust__bean_rust_train.123.jpg,ibean,bean_rust,CONFIDENT,bean_rust,0.9834
ibean__bean_rust__bean_rust_train.126.jpg,ibean,bean_rust,CONFIDENT,bean_rust,0.9598
ibean__bean_rust__bean_rust_train.146.jpg,ibean,bean_rust,CONFIDENT,bean_rust,0.99
ibean__bean_rust__bean_rust_train.150.jpg,ibean,bean_rust,CONFIDENT,bean_rust,0.5163
ibean__bean_rust__bean_rust_train.153.jpg,ibean,bean_rust,CONFIDENT,bean_rust,0.8963
ibean__bean_rust__bean_rust_train.157.jpg,ibean,bean_rust,CONFIDENT,bean_rust,0.9926
ibean__bean_rust__bean_rust_train.162.jpg,ibean,bean_rust,CONFIDENT,bean_angular_leaf_spot,0.7448
ibean__bean_rust__bean_rust_train.163.jpg,ibean,bean_rust,CONFIDENT,bean_rust,0.9924
ibean__bean_rust__bean_rust_train.166.jpg,ibean,bean_rust,CONFIDENT,bean_angular_leaf_spot,0.6997
ibean__bean_rust__bean_rust_train.177.jpg,ibean,bean_rust,CONFIDENT,bean_rust,0.9924
ibean__bean_rust__bean_rust_train.181.jpg,ibean,bean_rust,CONFIDENT,bean_rust,0.9924
ibean__bean_rust__bean_rust_train.196.jpg,ibean,bean_rust,CONFIDENT,bean_rust,0.994
ibean__bean_rust__bean_rust_train.2.jpg,ibean,bean_rust,CONFIDENT,bean_rust,0.9941
ibean__bean_rust__bean_rust_train.20.jpg,ibean,bean_rust,CONFIDENT,bean_rust,0.6713
ibean__bean_rust__bean_rust_train.204.jpg,ibean,bean_rust,CONFIDENT,bean_rust,0.9234
ibean__bean_rust__bean_rust_train.205.jpg,ibean,bean_rust,CONFIDENT,bean_rust,0.9919
ibean__bean_rust__bean_rust_train.21.jpg,ibean,bean_rust,CONFIDENT,bean_rust,0.9864
ibean__bean_rust__bean_rust_train.216.jpg,ibean,bean_rust,CONFIDENT,bean_angular_leaf_spot,0.4768
ibean__bean_rust__bean_rust_train.225.jpg,ibean,bean_rust,CONFIDENT,bean_rust,0.9913
ibean__bean_rust__bean_rust_train.241.jpg,ibean,bean_rust,CONFIDENT,bean_rust,0.9912
ibean__bean_rust__bean_rust_train.268.jpg,ibean,bean_rust,CONFIDENT,bean_rust,0.9922
ibean__bean_rust__bean_rust_train.270.jpg,ibean,bean_rust,CONFIDENT,bean_rust,0.7175
ibean__bean_rust__bean_rust_train.274.jpg,ibean,bean_rust,CONFIDENT,bean_rust,0.9504
ibean__bean_rust__bean_rust_train.315.jpg,ibean,bean_rust,CONFIDENT,bean_rust,0.9949
ibean__bean_rust__bean_rust_train.325.jpg,ibean,bean_rust,CONFIDENT,bean_rust,0.992
ibean__bean_rust__bean_rust_train.337.jpg,ibean,bean_rust,CONFIDENT,bean_rust,0.9839
ibean__bean_rust__bean_rust_train.345.jpg,ibean,bean_rust,CONFIDENT,bean_rust,0.9936
ibean__bean_rust__bean_rust_train.37.jpg,ibean,bean_rust,CONFIDENT,bean_rust,0.9969
ibean__bean_rust__bean_rust_train.43.jpg,ibean,bean_rust,CONFIDENT,bean_rust,0.9876
ibean__bean_rust__bean_rust_train.5.jpg,ibean,bean_rust,CONFIDENT,bean_rust,0.9947
ibean__bean_rust__bean_rust_train.62.jpg,ibean,bean_rust,CONFIDENT,bean_rust,0.6942
ibean__healthy__healthy_train.101.jpg,ibean,bean_healthy,CONFIDENT,bean_healthy,0.9927
ibean__healthy__healthy_train.124.jpg,ibean,bean_healthy,CONFIDENT,bean_healthy,0.9891
ibean__healthy__healthy_train.126.jpg,ibean,bean_healthy,CONFIDENT,bean_healthy,0.9922
ibean__healthy__healthy_train.130.jpg,ibean,bean_healthy,CONFIDENT,bean_healthy,0.9921
ibean__healthy__healthy_train.144.jpg,ibean,bean_healthy,CONFIDENT,bean_healthy,0.9861
ibean__healthy__healthy_train.145.jpg,ibean,bean_healthy,CONFIDENT,bean_healthy,0.9857
ibean__healthy__healthy_train.147.jpg,ibean,bean_healthy,CONFIDENT,bean_healthy,0.9727
ibean__healthy__healthy_train.16.jpg,ibean,bean_healthy,CONFIDENT,bean_healthy,0.9897
ibean__healthy__healthy_train.173.jpg,ibean,bean_healthy,CONFIDENT,bean_healthy,0.9938
ibean__healthy__healthy_train.177.jpg,ibean,bean_healthy,CONFIDENT,bean_healthy,0.9912
ibean__healthy__healthy_train.199.jpg,ibean,bean_healthy,CONFIDENT,bean_healthy,0.9872
ibean__healthy__healthy_train.2.jpg,ibean,bean_healthy,CONFIDENT,bean_healthy,0.9876
ibean__healthy__healthy_train.201.jpg,ibean,bean_healthy,CONFIDENT,bean_healthy,0.9941
ibean__healthy__healthy_train.222.jpg,ibean,bean_healthy,CONFIDENT,bean_healthy,0.9835
ibean__healthy__healthy_train.224.jpg,ibean,bean_healthy,CONFIDENT,bean_healthy,0.9914
ibean__healthy__healthy_train.229.jpg,ibean,bean_healthy,CONFIDENT,bean_healthy,0.9933
ibean__healthy__healthy_train.238.jpg,ibean,bean_healthy,CONFIDENT,bean_healthy,0.993
ibean__healthy__healthy_train.246.jpg,ibean,bean_healthy,CONFIDENT,bean_healthy,0.9909
ibean__healthy__healthy_train.25.jpg,ibean,bean_healthy,CONFIDENT,bean_healthy,0.9905
ibean__healthy__healthy_train.258.jpg,ibean,bean_healthy,CONFIDENT,bean_healthy,0.9889
ibean__healthy__healthy_train.273.jpg,ibean,bean_healthy,CONFIDENT,bean_healthy,0.9898
ibean__healthy__healthy_train.278.jpg,ibean,bean_healthy,CONFIDENT,bean_healthy,0.9867
ibean__healthy__healthy_train.279.jpg,ibean,bean_healthy,CONFIDENT,bean_healthy,0.9929
ibean__healthy__healthy_train.293.jpg,ibean,bean_healthy,CONFIDENT,bean_healthy,0.9783
ibean__healthy__healthy_train.294.jpg,ibean,bean_healthy,CONFIDENT,bean_healthy,0.9905
ibean__healthy__healthy_train.315.jpg,ibean,bean_healthy,CONFIDENT,bean_healthy,0.9921
ibean__healthy__healthy_train.326.jpg,ibean,bean_healthy,CONFIDENT,bean_healthy,0.9899
ibean__healthy__healthy_train.336.jpg,ibean,bean_healthy,CONFIDENT,bean_healthy,0.8642
ibean__healthy__healthy_train.337.jpg,ibean,bean_healthy,CONFIDENT,bean_healthy,0.9923
ibean__healthy__healthy_train.36.jpg,ibean,bean_healthy,CONFIDENT,bean_healthy,0.8351
ibean__healthy__healthy_train.43.jpg,ibean,bean_healthy,CONFIDENT,bean_healthy,0.9919
ibean__healthy__healthy_train.46.jpg,ibean,bean_healthy,CONFIDENT,bean_healthy,0.9898
ibean__healthy__healthy_train.59.jpg,ibean,bean_healthy,CONFIDENT,bean_healthy,0.9836
ibean__healthy__healthy_train.70.jpg,ibean,bean_healthy,CONFIDENT,bean_healthy,0.9696
ibean__healthy__healthy_train.82.jpg,ibean,bean_healthy,CONFIDENT,bean_healthy,0.9529
ibean__healthy__healthy_train.96.jpg,ibean,bean_healthy,CONFIDENT,bean_healthy,0.9419
ibean__angular_leaf_spot__angular_leaf_spot_val.40.jpg,ibean,bean_angular_leaf_spot,CONFIDENT,bean_angular_leaf_spot,0.9886
ibean__angular_leaf_spot__angular_leaf_spot_val.42.jpg,ibean,bean_angular_leaf_spot,CONFIDENT,bean_angular_leaf_spot,0.9901
ibean__angular_leaf_spot__angular_leaf_spot_val.7.jpg,ibean,bean_angular_leaf_spot,CONFIDENT,bean_angular_leaf_spot,0.9871
ibean__angular_leaf_spot__angular_leaf_spot_val.8.jpg,ibean,bean_angular_leaf_spot,CONFIDENT,bean_angular_leaf_spot,0.99
ibean__bean_rust__bean_rust_val.25.jpg,ibean,bean_rust,CONFIDENT,bean_rust,0.9942
ibean__bean_rust__bean_rust_val.3.jpg,ibean,bean_rust,CONFIDENT,bean_rust,0.9933
ibean__bean_rust__bean_rust_val.41.jpg,ibean,bean_rust,CONFIDENT,bean_rust,0.993
ibean__healthy__healthy_val.2.jpg,ibean,bean_healthy,CONFIDENT,bean_healthy,0.9906
ibean__healthy__healthy_val.27.jpg,ibean,bean_healthy,CONFIDENT,bean_healthy,0.9792
ibean__healthy__healthy_val.7.jpg,ibean,bean_healthy,CONFIDENT,bean_healthy,0.9915
ccmt__fall_armyworm__fall_armyworm10_.jpg,ccmt,maize_fall_armyworm,CONFIDENT,maize_fall_armyworm,0.9536
ccmt__fall_armyworm__fall_armyworm116_.jpg,ccmt,maize_fall_armyworm,CONFIDENT,maize_fall_armyworm,0.9627
ccmt__fall_armyworm__fall_armyworm172_.jpg,ccmt,maize_fall_armyworm,CONFIDENT,maize_fall_armyworm,0.9926
ccmt__fall_armyworm__fall_armyworm185_.jpg,ccmt,maize_fall_armyworm,CONFIDENT,maize_fall_armyworm,0.9716
ccmt__fall_armyworm__fall_armyworm191_.jpg,ccmt,maize_fall_armyworm,CONFIDENT,maize_fall_armyworm,0.9909
ccmt__fall_armyworm__fall_armyworm197_.jpg,ccmt,maize_fall_armyworm,CONFIDENT,maize_fall_armyworm,0.9931
ccmt__fall_armyworm__fall_armyworm198_.jpg,ccmt,maize_fall_armyworm,UNSUPPORTED,other,1
ccmt__fall_armyworm__fall_armyworm209_.jpg,ccmt,maize_fall_armyworm,CONFIDENT,maize_fall_armyworm,0.9779
ccmt__fall_armyworm__fall_armyworm210_.jpg,ccmt,maize_fall_armyworm,CONFIDENT,maize_fall_armyworm,0.9844
ccmt__fall_armyworm__fall_armyworm220_.jpg,ccmt,maize_fall_armyworm,CONFIDENT,maize_fall_armyworm,0.9922
ccmt__fall_armyworm__fall_armyworm223_.jpg,ccmt,maize_fall_armyworm,CONFIDENT,maize_fall_armyworm,0.9912
ccmt__fall_armyworm__fall_armyworm237_.jpg,ccmt,maize_fall_armyworm,CONFIDENT,maize_fall_armyworm,0.9836
ccmt__fall_armyworm__fall_armyworm247_.jpg,ccmt,maize_fall_armyworm,CONFIDENT,maize_fall_armyworm,0.9917
ccmt__fall_armyworm__fall_armyworm252_.jpg,ccmt,maize_fall_armyworm,CONFIDENT,maize_fall_armyworm,0.9539
ccmt__fall_armyworm__fall_armyworm253_.jpg,ccmt,maize_fall_armyworm,CONFIDENT,maize_streak_virus,0.9894
ccmt__fall_armyworm__fall_armyworm258_.jpg,ccmt,maize_fall_armyworm,CONFIDENT,maize_fall_armyworm,0.9874
ccmt__fall_armyworm__fall_armyworm262_.jpg,ccmt,maize_fall_armyworm,CONFIDENT,maize_fall_armyworm,0.9908
ccmt__fall_armyworm__fall_armyworm267_.jpg,ccmt,maize_fall_armyworm,CONFIDENT,maize_fall_armyworm,0.9961
ccmt__fall_armyworm__fall_armyworm275_.jpg,ccmt,maize_fall_armyworm,CONFIDENT,maize_fall_armyworm,0.9956
ccmt__fall_armyworm__fall_armyworm34_.jpg,ccmt,maize_fall_armyworm,CONFIDENT,maize_fall_armyworm,0.9829
ccmt__fall_armyworm__fall_armyworm52_.jpg,ccmt,maize_fall_armyworm,CONFIDENT,maize_fall_armyworm,0.9931
ccmt__fall_armyworm__fall_armyworm60_.jpg,ccmt,maize_fall_armyworm,CONFIDENT,maize_fall_armyworm,0.9884
ccmt__fall_armyworm__fall_armyworm61_.jpg,ccmt,maize_fall_armyworm,UNCERTAIN,maize_leaf_blight,0.7205
ccmt__fall_armyworm__fall_armyworm63_.jpg,ccmt,maize_fall_armyworm,CONFIDENT,maize_fall_armyworm,0.9858
ccmt__fall_armyworm__fall_armyworm74_.jpg,ccmt,maize_fall_armyworm,CONFIDENT,maize_fall_armyworm,0.9932
ccmt__fall_armyworm__fall_armyworm81_.jpg,ccmt,maize_fall_armyworm,CONFIDENT,maize_fall_armyworm,0.9872
ccmt__fall_armyworm__fall_armyworm84_.jpg,ccmt,maize_fall_armyworm,CONFIDENT,maize_fall_armyworm,0.9928
ccmt__fall_armyworm__fall_armyworm99_.jpg,ccmt,maize_fall_armyworm,CONFIDENT,maize_fall_armyworm,0.8814
ccmt__healthy__healthy13_.jpg,ccmt,maize_healthy,CONFIDENT,maize_healthy,0.9838
ccmt__healthy__healthy140_.jpg,ccmt,maize_healthy,CONFIDENT,maize_healthy,0.9806
ccmt__healthy__healthy146_.jpg,ccmt,maize_healthy,CONFIDENT,maize_healthy,0.9901
ccmt__healthy__healthy14_.jpg,ccmt,maize_healthy,CONFIDENT,maize_healthy,0.9769
ccmt__healthy__healthy150_.jpg,ccmt,maize_healthy,CONFIDENT,maize_healthy,0.9801
ccmt__healthy__healthy152_.jpg,ccmt,maize_healthy,CONFIDENT,maize_healthy,0.862
ccmt__healthy__healthy154_.jpg,ccmt,maize_healthy,CONFIDENT,maize_healthy,0.9711
ccmt__healthy__healthy166_.jpg,ccmt,maize_healthy,CONFIDENT,maize_healthy,0.9402
ccmt__healthy__healthy168_.jpg,ccmt,maize_healthy,CONFIDENT,maize_healthy,0.9822
ccmt__healthy__healthy174_.jpg,ccmt,maize_healthy,CONFIDENT,maize_healthy,0.9943
ccmt__healthy__healthy190_.jpg,ccmt,maize_healthy,CONFIDENT,maize_healthy,0.9597
ccmt__healthy__healthy24_.jpg,ccmt,maize_healthy,UNCERTAIN,maize_healthy,0.5568
ccmt__healthy__healthy3_.jpg,ccmt,maize_healthy,CONFIDENT,maize_leaf_spot,0.926
ccmt__healthy__healthy46_.jpg,ccmt,maize_healthy,CONFIDENT,maize_healthy,0.9848
ccmt__healthy__healthy52_.jpg,ccmt,maize_healthy,CONFIDENT,maize_healthy,0.9758
ccmt__healthy__healthy54_.jpg,ccmt,maize_healthy,CONFIDENT,maize_healthy,0.944
ccmt__healthy__healthy57_.jpg,ccmt,maize_healthy,CONFIDENT,maize_healthy,0.9544
ccmt__healthy__healthy63_.jpg,ccmt,maize_healthy,CONFIDENT,maize_healthy,0.9634
ccmt__healthy__healthy69_.jpg,ccmt,maize_healthy,CONFIDENT,maize_healthy,0.9502
ccmt__healthy__healthy70_.jpg,ccmt,maize_healthy,CONFIDENT,maize_healthy,0.9772
ccmt__healthy__healthy96_.jpg,ccmt,maize_healthy,CONFIDENT,maize_healthy,0.962
ccmt__leaf_blight__leaf_blight1004_.jpg,ccmt,maize_leaf_blight,CONFIDENT,maize_leaf_blight,0.9665
ccmt__leaf_blight__leaf_blight1011_.jpg,ccmt,maize_leaf_blight,CONFIDENT,maize_leaf_spot,0.893
ccmt__leaf_blight__leaf_blight102_.jpg,ccmt,maize_leaf_blight,CONFIDENT,maize_leaf_blight,0.9681
ccmt__leaf_blight__leaf_blight103_.jpg,ccmt,maize_leaf_blight,CONFIDENT,maize_leaf_blight,0.9809
ccmt__leaf_blight__leaf_blight108_.jpg,ccmt,maize_leaf_blight,CONFIDENT,maize_leaf_blight,0.9956
ccmt__leaf_blight__leaf_blight117_.jpg,ccmt,maize_leaf_blight,CONFIDENT,maize_leaf_blight,0.9411
ccmt__leaf_blight__leaf_blight118_.jpg,ccmt,maize_leaf_blight,CONFIDENT,maize_leaf_blight,0.9664
ccmt__leaf_blight__leaf_blight127_.jpg,ccmt,maize_leaf_blight,CONFIDENT,maize_leaf_blight,0.9933
ccmt__leaf_blight__leaf_blight128_.jpg,ccmt,maize_leaf_blight,CONFIDENT,maize_leaf_blight,0.9961
ccmt__leaf_blight__leaf_blight142_.jpg,ccmt,maize_leaf_blight,CONFIDENT,maize_leaf_blight,0.9885
ccmt__leaf_blight__leaf_blight152_.jpg,ccmt,maize_leaf_blight,CONFIDENT,maize_leaf_blight,0.9626
ccmt__leaf_blight__leaf_blight156_.jpg,ccmt,maize_leaf_blight,CONFIDENT,maize_leaf_spot,0.911
ccmt__leaf_blight__leaf_blight165_.jpg,ccmt,maize_leaf_blight,CONFIDENT,maize_leaf_blight,0.9887
ccmt__leaf_blight__leaf_blight168_.jpg,ccmt,maize_leaf_blight,CONFIDENT,maize_leaf_blight,0.988
ccmt__leaf_blight__leaf_blight179_.jpg,ccmt,maize_leaf_blight,CONFIDENT,maize_leaf_blight,0.99
ccmt__leaf_blight__leaf_blight191_.jpg,ccmt,maize_leaf_blight,CONFIDENT,maize_leaf_blight,0.9806
ccmt__leaf_blight__leaf_blight197_.jpg,ccmt,maize_leaf_blight,CONFIDENT,maize_leaf_blight,0.9904
ccmt__leaf_blight__leaf_blight227_.jpg,ccmt,maize_leaf_blight,UNCERTAIN,maize_leaf_blight,0.7988
ccmt__leaf_blight__leaf_blight236_.jpg,ccmt,maize_leaf_blight,CONFIDENT,maize_leaf_blight,0.9805
ccmt__leaf_blight__leaf_blight249_.jpg,ccmt,maize_leaf_blight,UNCERTAIN,maize_leaf_spot,0.5609
ccmt__leaf_blight__leaf_blight253_.jpg,ccmt,maize_leaf_blight,CONFIDENT,maize_leaf_blight,0.9938
ccmt__leaf_blight__leaf_blight254_.jpg,ccmt,maize_leaf_blight,CONFIDENT,maize_leaf_blight,0.8805
ccmt__leaf_blight__leaf_blight256_.jpg,ccmt,maize_leaf_blight,UNCERTAIN,maize_leaf_blight,0.7009
ccmt__leaf_blight__leaf_blight269_.jpg,ccmt,maize_leaf_blight,UNCERTAIN,maize_leaf_spot,0.5952
ccmt__leaf_blight__leaf_blight273_.jpg,ccmt,maize_leaf_blight,CONFIDENT,maize_leaf_spot,0.9046
ccmt__leaf_blight__leaf_blight27_.jpg,ccmt,maize_leaf_blight,CONFIDENT,maize_leaf_blight,0.9924
ccmt__leaf_blight__leaf_blight303_.jpg,ccmt,maize_leaf_blight,UNCERTAIN,maize_leaf_spot,0.7901
ccmt__leaf_blight__leaf_blight308_.jpg,ccmt,maize_leaf_blight,CONFIDENT,maize_leaf_blight,0.9962
ccmt__leaf_blight__leaf_blight30_.jpg,ccmt,maize_leaf_blight,CONFIDENT,maize_leaf_blight,0.9226
ccmt__leaf_blight__leaf_blight311_.jpg,ccmt,maize_leaf_blight,CONFIDENT,maize_leaf_blight,0.9931
ccmt__leaf_blight__leaf_blight312_.jpg,ccmt,maize_leaf_blight,CONFIDENT,maize_leaf_blight,0.9898
ccmt__leaf_blight__leaf_blight314_.jpg,ccmt,maize_leaf_blight,UNCERTAIN,maize_leaf_spot,0.8389
ccmt__leaf_blight__leaf_blight330_.jpg,ccmt,maize_leaf_blight,CONFIDENT,maize_leaf_spot,0.9458
ccmt__leaf_blight__leaf_blight338_.jpg,ccmt,maize_leaf_blight,CONFIDENT,maize_streak_virus,0.8758
ccmt__leaf_blight__leaf_blight33_.jpg,ccmt,maize_leaf_blight,CONFIDENT,maize_leaf_blight,0.9226
ccmt__leaf_blight__leaf_blight351_.jpg,ccmt,maize_leaf_blight,UNCERTAIN,maize_leaf_blight,0.7737
ccmt__leaf_blight__leaf_blight353_.jpg,ccmt,maize_leaf_blight,CONFIDENT,maize_leaf_blight,0.9883
ccmt__leaf_blight__leaf_blight358_.jpg,ccmt,maize_leaf_blight,CONFIDENT,maize_leaf_blight,0.8791
ccmt__leaf_blight__leaf_blight362_.jpg,ccmt,maize_leaf_blight,UNCERTAIN,maize_leaf_blight,0.8199
ccmt__leaf_blight__leaf_blight382_.jpg,ccmt,maize_leaf_blight,CONFIDENT,maize_leaf_blight,0.9754
ccmt__leaf_blight__leaf_blight38_.jpg,ccmt,maize_leaf_blight,CONFIDENT,maize_leaf_blight,0.9882
ccmt__leaf_blight__leaf_blight394_.jpg,ccmt,maize_leaf_blight,CONFIDENT,maize_leaf_blight,0.9903
ccmt__leaf_blight__leaf_blight421_.jpg,ccmt,maize_leaf_blight,CONFIDENT,maize_leaf_blight,0.9739
ccmt__leaf_blight__leaf_blight435_.jpg,ccmt,maize_leaf_blight,CONFIDENT,maize_leaf_blight,0.9883
ccmt__leaf_blight__leaf_blight43_.jpg,ccmt,maize_leaf_blight,CONFIDENT,maize_leaf_blight,0.9853
ccmt__leaf_blight__leaf_blight440_.jpg,ccmt,maize_leaf_blight,CONFIDENT,maize_leaf_blight,0.9824
ccmt__leaf_blight__leaf_blight442_.jpg,ccmt,maize_leaf_blight,CONFIDENT,maize_leaf_blight,0.9911
ccmt__leaf_blight__leaf_blight44_.jpg,ccmt,maize_leaf_blight,CONFIDENT,maize_leaf_blight,0.9916
ccmt__leaf_blight__leaf_blight451_.jpg,ccmt,maize_leaf_blight,CONFIDENT,maize_leaf_blight,0.9795
ccmt__leaf_blight__leaf_blight485_.jpg,ccmt,maize_leaf_blight,CONFIDENT,maize_leaf_blight,0.9839
ccmt__leaf_blight__leaf_blight498_.jpg,ccmt,maize_leaf_blight,CONFIDENT,maize_leaf_blight,0.9918
ccmt__leaf_blight__leaf_blight499_.jpg,ccmt,maize_leaf_blight,CONFIDENT,maize_leaf_blight,0.9828
ccmt__leaf_blight__leaf_blight508_.jpg,ccmt,maize_leaf_blight,CONFIDENT,maize_leaf_blight,0.9895
ccmt__leaf_blight__leaf_blight50_.jpg,ccmt,maize_leaf_blight,CONFIDENT,maize_leaf_blight,0.9647
ccmt__leaf_blight__leaf_blight515_.jpg,ccmt,maize_leaf_blight,CONFIDENT,maize_leaf_blight,0.9944
ccmt__leaf_blight__leaf_blight526_.jpg,ccmt,maize_leaf_blight,CONFIDENT,maize_leaf_blight,0.978
ccmt__leaf_blight__leaf_blight560_.jpg,ccmt,maize_leaf_blight,UNCERTAIN,maize_leaf_spot,0.5207
ccmt__leaf_blight__leaf_blight565_.jpg,ccmt,maize_leaf_blight,CONFIDENT,maize_leaf_blight,0.9578
ccmt__leaf_blight__leaf_blight56_.jpg,ccmt,maize_leaf_blight,CONFIDENT,maize_leaf_blight,0.9884
ccmt__leaf_blight__leaf_blight584_.jpg,ccmt,maize_leaf_blight,UNCERTAIN,maize_leaf_spot,0.6376
ccmt__leaf_blight__leaf_blight59_.jpg,ccmt,maize_leaf_blight,CONFIDENT,maize_leaf_blight,0.9745
ccmt__leaf_blight__leaf_blight610_.jpg,ccmt,maize_leaf_blight,CONFIDENT,maize_leaf_blight,0.9762
ccmt__leaf_blight__leaf_blight622_.jpg,ccmt,maize_leaf_blight,CONFIDENT,maize_leaf_blight,0.9939
ccmt__leaf_blight__leaf_blight625_.jpg,ccmt,maize_leaf_blight,CONFIDENT,maize_leaf_blight,0.9961
ccmt__leaf_blight__leaf_blight627_.jpg,ccmt,maize_leaf_blight,CONFIDENT,maize_leaf_blight,0.9831
ccmt__leaf_blight__leaf_blight635_.jpg,ccmt,maize_leaf_blight,UNCERTAIN,maize_leaf_blight,0.7688
ccmt__leaf_blight__leaf_blight637_.jpg,ccmt,maize_leaf_blight,UNCERTAIN,maize_leaf_blight,0.7464
ccmt__leaf_blight__leaf_blight658_.jpg,ccmt,maize_leaf_blight,CONFIDENT,maize_leaf_blight,0.8906
ccmt__leaf_blight__leaf_blight660_.jpg,ccmt,maize_leaf_blight,UNCERTAIN,maize_leaf_blight,0.6322
ccmt__leaf_blight__leaf_blight661_.jpg,ccmt,maize_leaf_blight,CONFIDENT,maize_leaf_blight,0.9432
ccmt__leaf_blight__leaf_blight668_.jpg,ccmt,maize_leaf_blight,CONFIDENT,maize_leaf_blight,0.9377
ccmt__leaf_blight__leaf_blight672_.jpg,ccmt,maize_leaf_blight,CONFIDENT,maize_leaf_blight,0.9922
ccmt__leaf_blight__leaf_blight689_.jpg,ccmt,maize_leaf_blight,CONFIDENT,maize_leaf_blight,0.9517
ccmt__leaf_blight__leaf_blight690_.jpg,ccmt,maize_leaf_blight,CONFIDENT,maize_leaf_blight,0.8668
ccmt__leaf_blight__leaf_blight69_.jpg,ccmt,maize_leaf_blight,CONFIDENT,maize_leaf_blight,0.983
ccmt__leaf_blight__leaf_blight700_.jpg,ccmt,maize_leaf_blight,CONFIDENT,maize_leaf_spot,0.8945
ccmt__leaf_blight__leaf_blight704_.jpg,ccmt,maize_leaf_blight,CONFIDENT,maize_leaf_blight,0.9891
ccmt__leaf_blight__leaf_blight713_.jpg,ccmt,maize_leaf_blight,CONFIDENT,maize_leaf_blight,0.99
ccmt__leaf_blight__leaf_blight753_.jpg,ccmt,maize_leaf_blight,CONFIDENT,maize_leaf_blight,0.9873
ccmt__leaf_blight__leaf_blight756_.jpg,ccmt,maize_leaf_blight,CONFIDENT,maize_leaf_blight,0.9781
ccmt__leaf_blight__leaf_blight761_.jpg,ccmt,maize_leaf_blight,CONFIDENT,maize_leaf_blight,0.9776
ccmt__leaf_blight__leaf_blight775_.jpg,ccmt,maize_leaf_blight,UNCERTAIN,maize_streak_virus,0.5508
ccmt__leaf_blight__leaf_blight780_.jpg,ccmt,maize_leaf_blight,CONFIDENT,maize_leaf_blight,0.8981
ccmt__leaf_blight__leaf_blight799_.jpg,ccmt,maize_leaf_blight,CONFIDENT,maize_leaf_blight,0.9879
ccmt__leaf_blight__leaf_blight813_.jpg,ccmt,maize_leaf_blight,CONFIDENT,maize_leaf_blight,0.9707
ccmt__leaf_blight__leaf_blight821_.jpg,ccmt,maize_leaf_blight,CONFIDENT,maize_leaf_blight,0.9901
ccmt__leaf_blight__leaf_blight825_.jpg,ccmt,maize_leaf_blight,CONFIDENT,maize_leaf_blight,0.9803
ccmt__leaf_blight__leaf_blight836_.jpg,ccmt,maize_leaf_blight,CONFIDENT,maize_leaf_blight,0.9822
ccmt__leaf_blight__leaf_blight866_.jpg,ccmt,maize_leaf_blight,CONFIDENT,maize_leaf_blight,0.9673
ccmt__leaf_blight__leaf_blight872_.jpg,ccmt,maize_leaf_blight,UNCERTAIN,maize_leaf_spot,0.6559
ccmt__leaf_blight__leaf_blight876_.jpg,ccmt,maize_leaf_blight,UNCERTAIN,maize_leaf_blight,0.785
ccmt__leaf_blight__leaf_blight893_.jpg,ccmt,maize_leaf_blight,CONFIDENT,maize_leaf_blight,0.8967
ccmt__leaf_blight__leaf_blight905_.jpg,ccmt,maize_leaf_blight,UNCERTAIN,maize_leaf_blight,0.5348
ccmt__leaf_blight__leaf_blight931_.jpg,ccmt,maize_leaf_blight,CONFIDENT,maize_leaf_blight,0.9946
ccmt__leaf_blight__leaf_blight947_.jpg,ccmt,maize_leaf_blight,CONFIDENT,maize_leaf_blight,0.9853
ccmt__leaf_blight__leaf_blight957_.jpg,ccmt,maize_leaf_blight,CONFIDENT,maize_leaf_blight,0.8614
ccmt__leaf_blight__leaf_blight95_.jpg,ccmt,maize_leaf_blight,CONFIDENT,maize_leaf_blight,0.9577
ccmt__leaf_blight__leaf_blight968_.jpg,ccmt,maize_leaf_blight,CONFIDENT,maize_leaf_blight,0.911
ccmt__leaf_blight__leaf_blight982_.jpg,ccmt,maize_leaf_blight,UNCERTAIN,maize_leaf_spot,0.8409
ccmt__leaf_blight__leaf_blight986_.jpg,ccmt,maize_leaf_blight,CONFIDENT,maize_leaf_blight,0.9961
ccmt__leaf_spot__leaf_spot1011_.jpg,ccmt,maize_leaf_spot,CONFIDENT,maize_leaf_spot,0.9945
ccmt__leaf_spot__leaf_spot1015_.jpg,ccmt,maize_leaf_spot,CONFIDENT,maize_leaf_spot,0.9872
ccmt__leaf_spot__leaf_spot1031_.jpg,ccmt,maize_leaf_spot,CONFIDENT,maize_leaf_spot,0.9939
ccmt__leaf_spot__leaf_spot103_.jpg,ccmt,maize_leaf_spot,CONFIDENT,maize_leaf_spot,0.9964
ccmt__leaf_spot__leaf_spot1042_.jpg,ccmt,maize_leaf_spot,CONFIDENT,maize_leaf_spot,0.8695
ccmt__leaf_spot__leaf_spot1049_.jpg,ccmt,maize_leaf_spot,CONFIDENT,maize_healthy,0.972
ccmt__leaf_spot__leaf_spot1059_.jpg,ccmt,maize_leaf_spot,CONFIDENT,maize_leaf_spot,0.9929
ccmt__leaf_spot__leaf_spot1063_.jpg,ccmt,maize_leaf_spot,CONFIDENT,maize_streak_virus,0.9721
ccmt__leaf_spot__leaf_spot1067_.jpg,ccmt,maize_leaf_spot,CONFIDENT,maize_leaf_spot,0.9889
ccmt__leaf_spot__leaf_spot1079_.jpg,ccmt,maize_leaf_spot,CONFIDENT,maize_leaf_spot,0.9957
ccmt__leaf_spot__leaf_spot1080_.jpg,ccmt,maize_leaf_spot,CONFIDENT,maize_leaf_spot,0.9946
ccmt__leaf_spot__leaf_spot1099_.jpg,ccmt,maize_leaf_spot,CONFIDENT,maize_leaf_spot,0.9944
ccmt__leaf_spot__leaf_spot1103_.jpg,ccmt,maize_leaf_spot,CONFIDENT,maize_leaf_spot,0.9693
ccmt__leaf_spot__leaf_spot1108_.jpg,ccmt,maize_leaf_spot,CONFIDENT,maize_leaf_spot,0.9889
ccmt__leaf_spot__leaf_spot1138_.jpg,ccmt,maize_leaf_spot,CONFIDENT,maize_leaf_spot,0.9973
ccmt__leaf_spot__leaf_spot1147_.jpg,ccmt,maize_leaf_spot,CONFIDENT,maize_leaf_spot,0.9359
ccmt__leaf_spot__leaf_spot1152_.jpg,ccmt,maize_leaf_spot,UNCERTAIN,maize_leaf_spot,0.6537
ccmt__leaf_spot__leaf_spot1157_.jpg,ccmt,maize_leaf_spot,UNCERTAIN,maize_healthy,0.7616
ccmt__leaf_spot__leaf_spot1166_.jpg,ccmt,maize_leaf_spot,CONFIDENT,maize_leaf_spot,0.9679
ccmt__leaf_spot__leaf_spot116_.jpg,ccmt,maize_leaf_spot,CONFIDENT,maize_leaf_spot,0.9765
ccmt__leaf_spot__leaf_spot1171_.jpg,ccmt,maize_leaf_spot,CONFIDENT,maize_leaf_spot,0.9082
ccmt__leaf_spot__leaf_spot1188_.jpg,ccmt,maize_leaf_spot,CONFIDENT,maize_leaf_spot,0.9627
ccmt__leaf_spot__leaf_spot1196_.jpg,ccmt,maize_leaf_spot,UNCERTAIN,maize_leaf_spot,0.5533
ccmt__leaf_spot__leaf_spot1206_.jpg,ccmt,maize_leaf_spot,CONFIDENT,maize_leaf_spot,0.9945
ccmt__leaf_spot__leaf_spot1229_.jpg,ccmt,maize_leaf_spot,CONFIDENT,maize_leaf_spot,0.8515
ccmt__leaf_spot__leaf_spot1247_.jpg,ccmt,maize_leaf_spot,CONFIDENT,maize_leaf_spot,0.9944
ccmt__leaf_spot__leaf_spot12_.jpg,ccmt,maize_leaf_spot,CONFIDENT,maize_leaf_blight,0.9837
ccmt__leaf_spot__leaf_spot135_.jpg,ccmt,maize_leaf_spot,CONFIDENT,maize_leaf_spot,0.9679
ccmt__leaf_spot__leaf_spot136_.jpg,ccmt,maize_leaf_spot,CONFIDENT,maize_leaf_spot,0.9865
ccmt__leaf_spot__leaf_spot145_.jpg,ccmt,maize_leaf_spot,CONFIDENT,maize_leaf_spot,0.9678
ccmt__leaf_spot__leaf_spot149_.jpg,ccmt,maize_leaf_spot,CONFIDENT,maize_leaf_spot,0.9334
ccmt__leaf_spot__leaf_spot158_.jpg,ccmt,maize_leaf_spot,UNCERTAIN,maize_leaf_spot,0.6066
ccmt__leaf_spot__leaf_spot161_.jpg,ccmt,maize_leaf_spot,CONFIDENT,maize_leaf_spot,0.9971
ccmt__leaf_spot__leaf_spot16_.jpg,ccmt,maize_leaf_spot,CONFIDENT,maize_streak_virus,0.9375
ccmt__leaf_spot__leaf_spot174_.jpg,ccmt,maize_leaf_spot,UNCERTAIN,maize_leaf_spot,0.4979
ccmt__leaf_spot__leaf_spot175_.jpg,ccmt,maize_leaf_spot,CONFIDENT,maize_streak_virus,0.9282
ccmt__leaf_spot__leaf_spot176_.jpg,ccmt,maize_leaf_spot,CONFIDENT,maize_streak_virus,0.9136
ccmt__leaf_spot__leaf_spot17_.jpg,ccmt,maize_leaf_spot,CONFIDENT,maize_streak_virus,0.9375
ccmt__leaf_spot__leaf_spot18_.jpg,ccmt,maize_leaf_spot,UNCERTAIN,maize_leaf_spot,0.7818
ccmt__leaf_spot__leaf_spot195_.jpg,ccmt,maize_leaf_spot,CONFIDENT,maize_leaf_spot,0.8996
ccmt__leaf_spot__leaf_spot19_.jpg,ccmt,maize_leaf_spot,UNCERTAIN,maize_leaf_spot,0.7818
ccmt__leaf_spot__leaf_spot206_.jpg,ccmt,maize_leaf_spot,CONFIDENT,maize_leaf_spot,0.9076
ccmt__leaf_spot__leaf_spot222_.jpg,ccmt,maize_leaf_spot,UNCERTAIN,maize_streak_virus,0.8112
ccmt__leaf_spot__leaf_spot234_.jpg,ccmt,maize_leaf_spot,CONFIDENT,maize_leaf_spot,0.9828
ccmt__leaf_spot__leaf_spot245_.jpg,ccmt,maize_leaf_spot,CONFIDENT,maize_leaf_spot,0.9757
ccmt__leaf_spot__leaf_spot251_.jpg,ccmt,maize_leaf_spot,CONFIDENT,maize_leaf_spot,0.9669
ccmt__leaf_spot__leaf_spot257_.jpg,ccmt,maize_leaf_spot,CONFIDENT,maize_leaf_spot,0.9751
ccmt__leaf_spot__leaf_spot264_.jpg,ccmt,maize_leaf_spot,CONFIDENT,maize_fall_armyworm,0.9886
ccmt__leaf_spot__leaf_spot265_.jpg,ccmt,maize_leaf_spot,CONFIDENT,maize_fall_armyworm,0.9947
ccmt__leaf_spot__leaf_spot276_.jpg,ccmt,maize_leaf_spot,CONFIDENT,maize_leaf_spot,0.9858
ccmt__leaf_spot__leaf_spot286_.jpg,ccmt,maize_leaf_spot,CONFIDENT,maize_leaf_spot,0.9675
ccmt__leaf_spot__leaf_spot288_.jpg,ccmt,maize_leaf_spot,CONFIDENT,maize_leaf_spot,0.9575
ccmt__leaf_spot__leaf_spot292_.jpg,ccmt,maize_leaf_spot,CONFIDENT,maize_leaf_spot,0.9252
ccmt__leaf_spot__leaf_spot312_.jpg,ccmt,maize_leaf_spot,UNCERTAIN,maize_leaf_blight,0.7458
ccmt__leaf_spot__leaf_spot318_.jpg,ccmt,maize_leaf_spot,CONFIDENT,maize_leaf_spot,0.9572
ccmt__leaf_spot__leaf_spot339_.jpg,ccmt,maize_leaf_spot,UNCERTAIN,maize_leaf_blight,0.636
ccmt__leaf_spot__leaf_spot363_.jpg,ccmt,maize_leaf_spot,UNCERTAIN,maize_leaf_blight,0.4572
ccmt__leaf_spot__leaf_spot381_.jpg,ccmt,maize_leaf_spot,CONFIDENT,maize_leaf_blight,0.8791
ccmt__leaf_spot__leaf_spot385_.jpg,ccmt,maize_leaf_spot,CONFIDENT,maize_leaf_blight,0.8869
ccmt__leaf_spot__leaf_spot390_.jpg,ccmt,maize_leaf_spot,UNCERTAIN,maize_leaf_blight,0.6018
ccmt__leaf_spot__leaf_spot403_.jpg,ccmt,maize_leaf_spot,CONFIDENT,maize_leaf_spot,0.9262
ccmt__leaf_spot__leaf_spot408_.jpg,ccmt,maize_leaf_spot,CONFIDENT,maize_leaf_spot,0.8651
ccmt__leaf_spot__leaf_spot419_.jpg,ccmt,maize_leaf_spot,CONFIDENT,maize_leaf_spot,0.9942
ccmt__leaf_spot__leaf_spot41_.jpg,ccmt,maize_leaf_spot,UNCERTAIN,maize_leaf_spot,0.4355
ccmt__leaf_spot__leaf_spot42_.jpg,ccmt,maize_leaf_spot,UNCERTAIN,maize_leaf_spot,0.4355
ccmt__leaf_spot__leaf_spot437_.jpg,ccmt,maize_leaf_spot,CONFIDENT,maize_leaf_spot,0.9399
ccmt__leaf_spot__leaf_spot457_.jpg,ccmt,maize_leaf_spot,UNCERTAIN,maize_leaf_blight,0.5894
ccmt__leaf_spot__leaf_spot470_.jpg,ccmt,maize_leaf_spot,CONFIDENT,maize_leaf_spot,0.9622
ccmt__leaf_spot__leaf_spot486_.jpg,ccmt,maize_leaf_spot,CONFIDENT,maize_leaf_spot,0.9899
ccmt__leaf_spot__leaf_spot498_.jpg,ccmt,maize_leaf_spot,UNCERTAIN,maize_leaf_spot,0.5296
ccmt__leaf_spot__leaf_spot501_.jpg,ccmt,maize_leaf_spot,CONFIDENT,maize_leaf_spot,0.9636
ccmt__leaf_spot__leaf_spot523_.jpg,ccmt,maize_leaf_spot,UNCERTAIN,maize_leaf_spot,0.2783
ccmt__leaf_spot__leaf_spot540_.jpg,ccmt,maize_leaf_spot,CONFIDENT,maize_leaf_spot,0.9825
ccmt__leaf_spot__leaf_spot550_.jpg,ccmt,maize_leaf_spot,UNCERTAIN,maize_leaf_spot,0.5352
ccmt__leaf_spot__leaf_spot555_.jpg,ccmt,maize_leaf_spot,CONFIDENT,maize_leaf_spot,0.9752
ccmt__leaf_spot__leaf_spot556_.jpg,ccmt,maize_leaf_spot,UNCERTAIN,maize_leaf_spot,0.8237
ccmt__leaf_spot__leaf_spot564_.jpg,ccmt,maize_leaf_spot,UNCERTAIN,maize_leaf_spot,0.515
ccmt__leaf_spot__leaf_spot601_.jpg,ccmt,maize_leaf_spot,UNCERTAIN,maize_leaf_spot,0.8047
ccmt__leaf_spot__leaf_spot603_.jpg,ccmt,maize_leaf_spot,CONFIDENT,maize_leaf_spot,0.9564
ccmt__leaf_spot__leaf_spot606_.jpg,ccmt,maize_leaf_spot,CONFIDENT,maize_leaf_spot,0.9266
ccmt__leaf_spot__leaf_spot609_.jpg,ccmt,maize_leaf_spot,CONFIDENT,maize_leaf_spot,0.8981
ccmt__leaf_spot__leaf_spot613_.jpg,ccmt,maize_leaf_spot,CONFIDENT,maize_leaf_spot,0.9326
ccmt__leaf_spot__leaf_spot618_.jpg,ccmt,maize_leaf_spot,CONFIDENT,maize_leaf_spot,0.9848
ccmt__leaf_spot__leaf_spot633_.jpg,ccmt,maize_leaf_spot,CONFIDENT,maize_leaf_spot,0.8858
ccmt__leaf_spot__leaf_spot637_.jpg,ccmt,maize_leaf_spot,UNCERTAIN,maize_leaf_spot,0.6884
ccmt__leaf_spot__leaf_spot639_.jpg,ccmt,maize_leaf_spot,CONFIDENT,maize_leaf_spot,0.9849
ccmt__leaf_spot__leaf_spot643_.jpg,ccmt,maize_leaf_spot,UNCERTAIN,maize_leaf_spot,0.7137
ccmt__leaf_spot__leaf_spot657_.jpg,ccmt,maize_leaf_spot,CONFIDENT,maize_leaf_spot,0.9784
ccmt__leaf_spot__leaf_spot660_.jpg,ccmt,maize_leaf_spot,CONFIDENT,maize_leaf_spot,0.8961
ccmt__leaf_spot__leaf_spot667_.jpg,ccmt,maize_leaf_spot,CONFIDENT,maize_leaf_blight,0.9517
ccmt__leaf_spot__leaf_spot668_.jpg,ccmt,maize_leaf_spot,CONFIDENT,maize_leaf_blight,0.8668
ccmt__leaf_spot__leaf_spot689_.jpg,ccmt,maize_leaf_spot,CONFIDENT,maize_leaf_spot,0.9389
ccmt__leaf_spot__leaf_spot68_.jpg,ccmt,maize_leaf_spot,CONFIDENT,maize_leaf_spot,0.9747
ccmt__leaf_spot__leaf_spot698_.jpg,ccmt,maize_leaf_spot,CONFIDENT,maize_leaf_spot,0.8704
ccmt__leaf_spot__leaf_spot710_.jpg,ccmt,maize_leaf_spot,UNCERTAIN,maize_leaf_spot,0.7721
ccmt__leaf_spot__leaf_spot718_.jpg,ccmt,maize_leaf_spot,UNCERTAIN,maize_leaf_spot,0.5447
ccmt__leaf_spot__leaf_spot721_.jpg,ccmt,maize_leaf_spot,CONFIDENT,maize_leaf_spot,0.9871
ccmt__leaf_spot__leaf_spot73_.jpg,ccmt,maize_leaf_spot,CONFIDENT,maize_leaf_spot,0.9037
ccmt__leaf_spot__leaf_spot740_.jpg,ccmt,maize_leaf_spot,CONFIDENT,maize_leaf_spot,0.9821
ccmt__leaf_spot__leaf_spot758_.jpg,ccmt,maize_leaf_spot,UNCERTAIN,maize_leaf_blight,0.4778
ccmt__leaf_spot__leaf_spot759_.jpg,ccmt,maize_leaf_spot,CONFIDENT,maize_leaf_blight,0.9251
ccmt__streak_virus__streak_virus1011_.jpg,ccmt,maize_streak_virus,UNCERTAIN,maize_fall_armyworm,0.3156
ccmt__streak_virus__streak_virus112_.jpg,ccmt,maize_streak_virus,CONFIDENT,maize_streak_virus,0.9919
ccmt__streak_virus__streak_virus114_.jpg,ccmt,maize_streak_virus,CONFIDENT,maize_streak_virus,0.9922
ccmt__streak_virus__streak_virus121_.jpg,ccmt,maize_streak_virus,CONFIDENT,maize_streak_virus,0.9365
ccmt__streak_virus__streak_virus137_.jpg,ccmt,maize_streak_virus,UNCERTAIN,maize_streak_virus,0.7801
ccmt__streak_virus__streak_virus144_.jpg,ccmt,maize_streak_virus,UNCERTAIN,maize_streak_virus,0.6898
ccmt__streak_virus__streak_virus157_.jpg,ccmt,maize_streak_virus,CONFIDENT,maize_streak_virus,0.9925
ccmt__streak_virus__streak_virus180_.jpg,ccmt,maize_streak_virus,CONFIDENT,maize_streak_virus,0.9874
ccmt__streak_virus__streak_virus187_.jpg,ccmt,maize_streak_virus,CONFIDENT,maize_streak_virus,0.9873
ccmt__streak_virus__streak_virus210_.jpg,ccmt,maize_streak_virus,UNCERTAIN,maize_leaf_blight,0.5886
ccmt__streak_virus__streak_virus264_.jpg,ccmt,maize_streak_virus,UNCERTAIN,maize_streak_virus,0.8408
ccmt__streak_virus__streak_virus265_.jpg,ccmt,maize_streak_virus,CONFIDENT,maize_streak_virus,0.9888
ccmt__streak_virus__streak_virus274_.jpg,ccmt,maize_streak_virus,UNCERTAIN,maize_leaf_blight,0.4805
ccmt__streak_virus__streak_virus299_.jpg,ccmt,maize_streak_virus,CONFIDENT,maize_streak_virus,0.9941
ccmt__streak_virus__streak_virus29_.jpg,ccmt,maize_streak_virus,CONFIDENT,maize_streak_virus,0.9885
ccmt__streak_virus__streak_virus304_.jpg,ccmt,maize_streak_virus,UNCERTAIN,maize_streak_virus,0.8002
ccmt__streak_virus__streak_virus313_.jpg,ccmt,maize_streak_virus,UNCERTAIN,maize_streak_virus,0.7762
ccmt__streak_virus__streak_virus346_.jpg,ccmt,maize_streak_virus,CONFIDENT,maize_streak_virus,0.9869
ccmt__streak_virus__streak_virus349_.jpg,ccmt,maize_streak_virus,UNCERTAIN,maize_leaf_blight,0.5389
ccmt__streak_virus__streak_virus353_.jpg,ccmt,maize_streak_virus,UNCERTAIN,maize_streak_virus,0.5816
ccmt__streak_virus__streak_virus366_.jpg,ccmt,maize_streak_virus,CONFIDENT,maize_streak_virus,0.9378
ccmt__streak_virus__streak_virus372_.jpg,ccmt,maize_streak_virus,CONFIDENT,maize_streak_virus,0.9687
ccmt__streak_virus__streak_virus389_.jpg,ccmt,maize_streak_virus,CONFIDENT,maize_streak_virus,0.9937
ccmt__streak_virus__streak_virus394_.jpg,ccmt,maize_streak_virus,CONFIDENT,maize_streak_virus,0.9585
ccmt__streak_virus__streak_virus439_.jpg,ccmt,maize_streak_virus,CONFIDENT,maize_streak_virus,0.9919
ccmt__streak_virus__streak_virus444_.jpg,ccmt,maize_streak_virus,CONFIDENT,maize_streak_virus,0.9151
ccmt__streak_virus__streak_virus449_.jpg,ccmt,maize_streak_virus,CONFIDENT,maize_streak_virus,0.9939
ccmt__streak_virus__streak_virus453_.jpg,ccmt,maize_streak_virus,CONFIDENT,maize_streak_virus,0.9949
ccmt__streak_virus__streak_virus454_.jpg,ccmt,maize_streak_virus,CONFIDENT,maize_streak_virus,0.9921
ccmt__streak_virus__streak_virus458_.jpg,ccmt,maize_streak_virus,CONFIDENT,maize_streak_virus,0.9798
ccmt__streak_virus__streak_virus465_.jpg,ccmt,maize_streak_virus,UNCERTAIN,maize_streak_virus,0.8309
ccmt__streak_virus__streak_virus476_.jpg,ccmt,maize_streak_virus,CONFIDENT,maize_streak_virus,0.9891
ccmt__streak_virus__streak_virus47_.jpg,ccmt,maize_streak_virus,CONFIDENT,maize_streak_virus,0.8676
ccmt__streak_virus__streak_virus480_.jpg,ccmt,maize_streak_virus,CONFIDENT,maize_streak_virus,0.9931
ccmt__streak_virus__streak_virus495_.jpg,ccmt,maize_streak_virus,CONFIDENT,maize_streak_virus,0.9973
ccmt__streak_virus__streak_virus509_.jpg,ccmt,maize_streak_virus,CONFIDENT,maize_streak_virus,0.9879
ccmt__streak_virus__streak_virus516_.jpg,ccmt,maize_streak_virus,CONFIDENT,maize_streak_virus,0.9874
ccmt__streak_virus__streak_virus520_.jpg,ccmt,maize_streak_virus,CONFIDENT,maize_streak_virus,0.9929
ccmt__streak_virus__streak_virus522_.jpg,ccmt,maize_streak_virus,CONFIDENT,maize_streak_virus,0.9909
ccmt__streak_virus__streak_virus524_.jpg,ccmt,maize_streak_virus,CONFIDENT,maize_leaf_spot,0.9573
ccmt__streak_virus__streak_virus539_.jpg,ccmt,maize_streak_virus,CONFIDENT,maize_leaf_spot,0.9903
ccmt__streak_virus__streak_virus545_.jpg,ccmt,maize_streak_virus,UNCERTAIN,maize_leaf_spot,0.745
ccmt__streak_virus__streak_virus560_.jpg,ccmt,maize_streak_virus,CONFIDENT,maize_streak_virus,0.9926
ccmt__streak_virus__streak_virus569_.jpg,ccmt,maize_streak_virus,CONFIDENT,maize_leaf_blight,0.971
ccmt__streak_virus__streak_virus577_.jpg,ccmt,maize_streak_virus,CONFIDENT,maize_streak_virus,0.9716
ccmt__streak_virus__streak_virus584_.jpg,ccmt,maize_streak_virus,CONFIDENT,maize_streak_virus,0.9854
ccmt__streak_virus__streak_virus591_.jpg,ccmt,maize_streak_virus,CONFIDENT,maize_streak_virus,0.9876
ccmt__streak_virus__streak_virus596_.jpg,ccmt,maize_streak_virus,CONFIDENT,maize_streak_virus,0.8798
ccmt__streak_virus__streak_virus5_.jpg,ccmt,maize_streak_virus,CONFIDENT,maize_streak_virus,0.9768
ccmt__streak_virus__streak_virus602_.jpg,ccmt,maize_streak_virus,CONFIDENT,maize_streak_virus,0.9922
ccmt__streak_virus__streak_virus610_.jpg,ccmt,maize_streak_virus,CONFIDENT,maize_streak_virus,0.988
ccmt__streak_virus__streak_virus628_.jpg,ccmt,maize_streak_virus,CONFIDENT,maize_streak_virus,0.992
ccmt__streak_virus__streak_virus629_.jpg,ccmt,maize_streak_virus,CONFIDENT,maize_streak_virus,0.9868
ccmt__streak_virus__streak_virus647_.jpg,ccmt,maize_streak_virus,CONFIDENT,maize_streak_virus,0.9876
ccmt__streak_virus__streak_virus651_.jpg,ccmt,maize_streak_virus,CONFIDENT,maize_streak_virus,0.9947
ccmt__streak_virus__streak_virus661_.jpg,ccmt,maize_streak_virus,CONFIDENT,maize_streak_virus,0.9895
ccmt__streak_virus__streak_virus678_.jpg,ccmt,maize_streak_virus,CONFIDENT,maize_streak_virus,0.9948
ccmt__streak_virus__streak_virus679_.jpg,ccmt,maize_streak_virus,CONFIDENT,maize_streak_virus,0.9658
ccmt__streak_virus__streak_virus689_.jpg,ccmt,maize_streak_virus,CONFIDENT,maize_streak_virus,0.9863
ccmt__streak_virus__streak_virus692_.jpg,ccmt,maize_streak_virus,CONFIDENT,maize_streak_virus,0.9862
ccmt__streak_virus__streak_virus696_.jpg,ccmt,maize_streak_virus,UNCERTAIN,maize_streak_virus,0.7945
ccmt__streak_virus__streak_virus715_.jpg,ccmt,maize_streak_virus,CONFIDENT,maize_streak_virus,0.9816
ccmt__streak_virus__streak_virus71_.jpg,ccmt,maize_streak_virus,CONFIDENT,maize_streak_virus,0.9828
ccmt__streak_virus__streak_virus723_.jpg,ccmt,maize_streak_virus,CONFIDENT,maize_streak_virus,0.9893
ccmt__streak_virus__streak_virus741_.jpg,ccmt,maize_streak_virus,CONFIDENT,maize_streak_virus,0.9908
ccmt__streak_virus__streak_virus748_.jpg,ccmt,maize_streak_virus,CONFIDENT,maize_streak_virus,0.9784
ccmt__streak_virus__streak_virus749_.jpg,ccmt,maize_streak_virus,CONFIDENT,maize_streak_virus,0.9908
ccmt__streak_virus__streak_virus750_.jpg,ccmt,maize_streak_virus,CONFIDENT,maize_streak_virus,0.9948
ccmt__streak_virus__streak_virus751_.jpg,ccmt,maize_streak_virus,CONFIDENT,maize_streak_virus,0.995
ccmt__streak_virus__streak_virus756_.jpg,ccmt,maize_streak_virus,CONFIDENT,maize_streak_virus,0.9916
ccmt__streak_virus__streak_virus757_.jpg,ccmt,maize_streak_virus,CONFIDENT,maize_streak_virus,0.9937
ccmt__streak_virus__streak_virus765_.jpg,ccmt,maize_streak_virus,CONFIDENT,maize_streak_virus,0.989
ccmt__streak_virus__streak_virus771_.jpg,ccmt,maize_streak_virus,CONFIDENT,maize_streak_virus,0.9914
ccmt__streak_virus__streak_virus788_.jpg,ccmt,maize_streak_virus,CONFIDENT,maize_streak_virus,0.9889
ccmt__streak_virus__streak_virus789_.jpg,ccmt,maize_streak_virus,CONFIDENT,maize_streak_virus,0.9914
ccmt__streak_virus__streak_virus799_.jpg,ccmt,maize_streak_virus,CONFIDENT,maize_streak_virus,0.9841
ccmt__streak_virus__streak_virus80_.jpg,ccmt,maize_streak_virus,CONFIDENT,maize_streak_virus,0.9924
ccmt__streak_virus__streak_virus824_.jpg,ccmt,maize_streak_virus,CONFIDENT,maize_streak_virus,0.9924
ccmt__streak_virus__streak_virus827_.jpg,ccmt,maize_streak_virus,CONFIDENT,maize_streak_virus,0.9933
ccmt__streak_virus__streak_virus834_.jpg,ccmt,maize_streak_virus,UNCERTAIN,maize_leaf_spot,0.8125
ccmt__streak_virus__streak_virus839_.jpg,ccmt,maize_streak_virus,UNCERTAIN,maize_streak_virus,0.4891
ccmt__streak_virus__streak_virus874_.jpg,ccmt,maize_streak_virus,CONFIDENT,maize_streak_virus,0.9912
ccmt__streak_virus__streak_virus886_.jpg,ccmt,maize_streak_virus,CONFIDENT,maize_streak_virus,0.9939
ccmt__streak_virus__streak_virus888_.jpg,ccmt,maize_streak_virus,CONFIDENT,maize_streak_virus,0.9826
ccmt__streak_virus__streak_virus890_.jpg,ccmt,maize_streak_virus,CONFIDENT,maize_streak_virus,0.9941
ccmt__streak_virus__streak_virus893_.jpg,ccmt,maize_streak_virus,CONFIDENT,maize_streak_virus,0.9934
ccmt__streak_virus__streak_virus896_.jpg,ccmt,maize_streak_virus,CONFIDENT,maize_streak_virus,0.9953
ccmt__streak_virus__streak_virus8_.jpg,ccmt,maize_streak_virus,CONFIDENT,maize_streak_virus,0.9868
ccmt__streak_virus__streak_virus900_.jpg,ccmt,maize_streak_virus,CONFIDENT,maize_streak_virus,0.909
ccmt__streak_virus__streak_virus918_.jpg,ccmt,maize_streak_virus,CONFIDENT,maize_streak_virus,0.9904
ccmt__streak_virus__streak_virus926_.jpg,ccmt,maize_streak_virus,CONFIDENT,maize_streak_virus,0.991
ccmt__streak_virus__streak_virus927_.jpg,ccmt,maize_streak_virus,CONFIDENT,maize_streak_virus,0.9898
ccmt__streak_virus__streak_virus930_.jpg,ccmt,maize_streak_virus,UNCERTAIN,maize_streak_virus,0.5592
ccmt__streak_virus__streak_virus938_.jpg,ccmt,maize_streak_virus,CONFIDENT,maize_streak_virus,0.9929
ccmt__streak_virus__streak_virus941_.jpg,ccmt,maize_streak_virus,UNCERTAIN,maize_streak_virus,0.5451
ccmt__streak_virus__streak_virus961_.jpg,ccmt,maize_streak_virus,CONFIDENT,maize_streak_virus,0.9871
ccmt__streak_virus__streak_virus966_.jpg,ccmt,maize_streak_virus,CONFIDENT,maize_streak_virus,0.9874
ccmt__streak_virus__streak_virus972_.jpg,ccmt,maize_streak_virus,CONFIDENT,maize_fall_armyworm,0.9573
