id,lang,intent,crop,symptom,commodity,offer
g1,sw,diagnose,coffee,rust,,
g2,en,diagnose,coffee,rust,,
g3,sw,diagnose,bean,rust,,
g4,en,diagnose,maize,leaf_blight,,
g5,sw,diagnose,maize,,,
g6,en,diagnose,maize,streak_virus,,
g7,sw,diagnose,coffee,,,
g8,en,diagnose,bean,,,
g9,sw,diagnose,,,,
g10,en,diagnose,coffee,cercospora,,
g11,sw,diagnose,maize,leaf_blight,,
g12,sw,diagnose,coffee,miner,,
g13,sw,price,coffee,,coffee_robusta_kiboko,
g14,en,price,coffee,,coffee_arabica_parchment,13500
g15,sw,price,maize,,maize_grain,750
g16,en,price,bean,,beans_dry,3000
g17,sw,price,bean,,beans_dry,4000
g18,en,price,maize,,maize_grain,
g19,sw,price,bean,,beans_dry,2700
g20,sw,price,coffee,,coffee_arabica_drugar,
g21,sw,price,coffee,,coffee_arabica_parchment,15000
g22,sw,price,,,,
g23,sw,planting,maize,,,
g24,en,planting,bean,,,
g25,sw,planting,coffee,,,
g26,en,help,,,,
g27,sw,help,,,,
g28,en,help,,,,
g29,sw,other,,,,
g30,en,diagnose,,,,
