commodity,date,price,url,month_name,quote
coffee_arabica_drugar,2024-12,11500.0,https://ugandacoffee.go.ug/sites/default/files/2025-01/December%202024.pdf,December 2024,"Farm-gate prices for Robusta Kiboko averaged UGX 6,500 per kilo; FAQ UGX 12,500 per kilo, Arabica parchment UGX 12,500 per kilo and Drugar UGX 11,500 per kilo."
coffee_arabica_drugar,2025-01,13000.0,https://ugandacoffee.go.ug/sites/default/files/2025-02/04-January%202025%20Report%20%281%29.Final_.pdf,January 2025,"Farm-gate prices for Robusta Kiboko averaged UGX 7,000 per kilo; FAQ UGX 13,000 per kilo, Arabica parchment UGX 13,250 per kilo and Drugar UGX 13,000 per kilo."
coffee_arabica_drugar,2025-02,13250.0,https://ugandacoffee.go.ug/sites/default/files/2025-03/05-February%202025%20Report%20%281%29_Final.pdfI_.pdf,February 2025,"Farm-gate prices for Robusta Kiboko averaged UGX 7,750 per kilo; FAQ UGX 15,500 per kilo, Arabica parchment UGX 14,500 per kilo and Drugar UGX 13,250 per kilo."
coffee_arabica_drugar,2025-03,14500.0,https://ugandacoffee.go.ug/sites/default/files/2025-05/06-March%202025%20Report%20%281%29_ppt%20%281%29.pdf,March 2025,"Farm-gate prices for Robusta Kiboko averaged UGX 7,600 per kilo; FAQ UGX 15,250 per kilo, Arabica parchment UGX 15,000 per kilo and Drugar UGX 14,500 per kilo."
coffee_arabica_drugar,2025-04,14000.0,https://ugandacoffee.go.ug/sites/default/files/2025-05/07-April%202025%20Report%20pptx%281%29.pptxii.pdf,April 2025,"Farm-gate prices for Robusta Kiboko averaged UGX 7,200 per kilo; FAQ UGX 14,500 per kilo, Arabica parchment UGX 14,800 per kilo and Drugar UGX 14,000 per kilo."
coffee_arabica_drugar,2025-05,13750.0,https://ugandacoffee.go.ug/sites/default/files/2025-06/08-May%202025%20Report%20pptx%281%29.pptx_II.pdf,May 2025,"Farm-gate prices for Robusta Kiboko averaged UGX 6,250 per kilogram; FAQ UGX 13,500 per kilogram, Arabica parchment UGX 14,000 per kilogram and Drugar UGX13,750 per kilogram."
coffee_arabica_drugar,2025-06,13500.0,https://ugandacoffee.go.ug/sites/default/files/2025-07/09-June%202025%20Report%20pptx%281%29.pdf,June 2025,"Farm-gate prices for Robusta Kiboko averaged UGX 5,750 per kilogram; FAQ UGX 11,500 per kilogram, Arabica parchment UGX 14,000 per kilogram and Drugar UGX13,500 per kilogram."
coffee_arabica_drugar,2025-07,12500.0,https://ugandacoffee.go.ug/sites/default/files/2025-08/10-July%202025%20Report%20pptx..pdfI_.pdf,July 2025,"Farm-gate prices for Robusta Kiboko averaged UGX 5,250 per kilogram; FAQ UGX 10,250 per kilogram, Arabica parchment UGX 13,750 per kilogram and Drugar UGX12,500 per kilogram."
coffee_arabica_drugar,2025-08,13500.0,https://ugandacoffee.go.ug/sites/default/files/2025-10/11-August%202025%20Report%20pptx%281%29%20%281%29%20%281%29.pdf,August 2025,"Farm-gate prices for Robusta Kiboko averaged UGX 6,500/= per kilogram; FAQ UGX 13,500 per kilogram, Arabica parchment UGX14,500 per kilogram and Drugar UGX 13,500 per kilogram."
coffee_arabica_drugar,2025-09,13500.0,https://ugandacoffee.go.ug/sites/default/files/2025-10/12-September%202025%20Report%20pptx%281%29%20%281%29%20%281%29.pdf,September 2025,"Farm-gate prices for Robusta Kiboko averaged UGX 6,500/= per kilogram; FAQ UGX 13,500 per kilogram, Arabica parchment UGX14,500 per kilogram and Drugar UGX 13,500 per kilogram."
coffee_arabica_drugar,2025-10,16500.0,https://ugandacoffee.go.ug/sites/default/files/2025-12/October%202025%20Report.pdf,October 2025,"Farm-gate prices for Robusta Kiboko averaged UGX 7,000/= per kilogram; FAQ UGX 14,500 per kilogram, Arabica parchment UGX16,500 per kilogram and Drugar UGX 16,500 per kilogram."
coffee_arabica_drugar,2025-11,16500.0,https://ugandacoffee.go.ug/sites/default/files/2026-01/02-November%202025%20Report%20pptx%281%29%20%281%29.pdf,November 2025,"Farm-gate prices for Robusta Kiboko averaged UGX 6,800/= per kilogram; FAQ UGX 13,700 per kilogram, Arabica parchment UGX16,500 per kilogram and Drugar UGX 16,500 per kilogram."
coffee_arabica_drugar,2025-12,16500.0,https://ugandacoffee.go.ug/sites/default/files/2026-02/03-December%202025%20Report%20pptx.pdf,December 2025,"Farm-gate prices for Robusta Kiboko averaged UGX 6,750/= per kilogram; FAQ UGX 13,500 per kilogram, Arabica parchment UGX 16,750 per kilogram and Drugar UGX 16,500 per kilogram."
coffee_arabica_drugar,2026-01,16500.0,https://ugandacoffee.go.ug/sites/default/files/2026-03/04-January%202026%20Report%20pptx%20%281%29_Final.pdf,January 2026,"Farm-gate prices for Robusta Kiboko averaged UGX 6,250/= per kilogram; FAQ UGX 12,500 per kilogram, Arabica parchment UGX 16,500 per kilogram and Drugar UGX 16,500 per kilogram."
coffee_arabica_drugar,2026-02,14500.0,https://ugandacoffee.go.ug/sites/default/files/2026-04/05-February%202026%20Report%20pptx.pptx_final.pdf,February 2026,"Farm-gate prices for Robusta Kiboko averaged UGX 5,750/= per kilogram; FAQ UGX 12,250 per kilogram, Arabica parchment UGX 15,500 per kilogram and Drugar UGX 14,500 per kilogram."
coffee_arabica_drugar,2026-03,14500.0,https://ugandacoffee.go.ug/sites/default/files/2026-05/06-March%202026%20Report%20pptx%281%29_Final.pdf,March 2026,"Farm-gate prices for Robusta Kiboko averaged UGX 5,650 per kilogram; FAQ UGX 12,000 per kilogram, Arabica parchment UGX 15,000 per kilogram and Drugar UGX 14,500 per kilogram."
coffee_arabica_drugar,2026-04,14500.0,https://ugandacoffee.go.ug/sites/default/files/2026-05/07-April%202026%20Report%20pptx%281%29%20%281%29.pdf,April 2026,"Farm-gate prices for Robusta Kiboko averaged UGX 5,750 per kilogram; FAQ UGX 11,750 per kilogram, Arabica parchment UGX 15,750 per kilogram and Drugar UGX 14,500 per kilogram."
coffee_arabica_drugar,2026-05,14500.0,https://ugandacoffee.go.ug/sites/default/files/2026-06/08%20May%202026%20Report%20pptx%281%29%281%29.pptx_ii.pdf,May 2026,"Farm-gate prices for Robusta Kiboko averaged UGX 5,250 per kilogram; FAQ UGX 11,250 per kilogram, Arabica parchment UGX 15,250 per kilogram and Drugar UGX 14,500 per kilogram."
coffee_arabica_drugar,2026-06,14500.0,https://ugandacoffee.go.ug/sites/default/files/2026-07/Monthly%20Report%20for%20June%202026%20.pdf,June 2026,"Farm-gate prices for Robusta Kiboko averaged UGX 5,500 per kilogram; FAQ UGX 11,500 per kilogram, Arabica parchment UGX 15,000 per kilogram and Drugar UGX 14,500 per kilogram."
coffee_arabica_drugar,2026-07,14500.0,https://ugandacoffee.go.ug/sites/default/files/2026-09/10%20July%202026%20Report%20draft%282%29%281%29%281%29.pdf,July 2026,"Farm-gate prices for Robusta Kiboko averaged UGX 5,500 per kilogram; FAQ UGX 11,500 per kilogram, Arabica parchment UGX 15,000 per kilogram and Drugar UGX 14,500 per kilogram."
coffee_arabica_drugar,2026-08,14750.0,https://ugandacoffee.go.ug/sites/default/files/2026-09/11%20August%202026%20Report%20dpptx%20%281%29.pdf,August 2026,"Farm-gate prices for Robusta Kiboko averaged UGX 5,750 per kilogram; FAQ UGX 12,000 per kilogram, Arabica parchment UGX 15,500 per kilogram and Drugar UGX 14,750 per kilogram."
coffee_arabica_parchment,2024-12,12500.0,https://ugandacoffee.go.ug/sites/default/files/2025-01/December%202024.pdf,December 2024,"Farm-gate prices for Robusta Kiboko averaged UGX 6,500 per kilo; FAQ UGX 12,500 per kilo, Arabica parchment UGX 12,500 per kilo and Drugar UGX 11,500 per kilo."
coffee_arabica_parchment,2025-01,13250.0,https://ugandacoffee.go.ug/sites/default/files/2025-02/04-January%202025%20Report%20%281%29.Final_.pdf,January 2025,"Farm-gate prices for Robusta Kiboko averaged UGX 7,000 per kilo; FAQ UGX 13,000 per kilo, Arabica parchment UGX 13,250 per kilo and Drugar UGX 13,000 per kilo."
coffee_arabica_parchment,2025-02,14500.0,https://ugandacoffee.go.ug/sites/default/files/2025-03/05-February%202025%20Report%20%281%29_Final.pdfI_.pdf,February 2025,"Farm-gate prices for Robusta Kiboko averaged UGX 7,750 per kilo; FAQ UGX 15,500 per kilo, Arabica parchment UGX 14,500 per kilo and Drugar UGX 13,250 per kilo."
coffee_arabica_parchment,2025-03,15000.0,https://ugandacoffee.go.ug/sites/default/files/2025-05/06-March%202025%20Report%20%281%29_ppt%20%281%29.pdf,March 2025,"Farm-gate prices for Robusta Kiboko averaged UGX 7,600 per kilo; FAQ UGX 15,250 per kilo, Arabica parchment UGX 15,000 per kilo and Drugar UGX 14,500 per kilo."
coffee_arabica_parchment,2025-04,14800.0,https://ugandacoffee.go.ug/sites/default/files/2025-05/07-April%202025%20Report%20pptx%281%29.pptxii.pdf,April 2025,"Farm-gate prices for Robusta Kiboko averaged UGX 7,200 per kilo; FAQ UGX 14,500 per kilo, Arabica parchment UGX 14,800 per kilo and Drugar UGX 14,000 per kilo."
coffee_arabica_parchment,2025-05,14000.0,https://ugandacoffee.go.ug/sites/default/files/2025-06/08-May%202025%20Report%20pptx%281%29.pptx_II.pdf,May 2025,"Farm-gate prices for Robusta Kiboko averaged UGX 6,250 per kilogram; FAQ UGX 13,500 per kilogram, Arabica parchment UGX 14,000 per kilogram and Drugar UGX13,750 per kilogram."
coffee_arabica_parchment,2025-06,14000.0,https://ugandacoffee.go.ug/sites/default/files/2025-07/09-June%202025%20Report%20pptx%281%29.pdf,June 2025,"Farm-gate prices for Robusta Kiboko averaged UGX 5,750 per kilogram; FAQ UGX 11,500 per kilogram, Arabica parchment UGX 14,000 per kilogram and Drugar UGX13,500 per kilogram."
coffee_arabica_parchment,2025-07,13750.0,https://ugandacoffee.go.ug/sites/default/files/2025-08/10-July%202025%20Report%20pptx..pdfI_.pdf,July 2025,"Farm-gate prices for Robusta Kiboko averaged UGX 5,250 per kilogram; FAQ UGX 10,250 per kilogram, Arabica parchment UGX 13,750 per kilogram and Drugar UGX12,500 per kilogram."
coffee_arabica_parchment,2025-08,14500.0,https://ugandacoffee.go.ug/sites/default/files/2025-10/11-August%202025%20Report%20pptx%281%29%20%281%29%20%281%29.pdf,August 2025,"Farm-gate prices for Robusta Kiboko averaged UGX 6,500/= per kilogram; FAQ UGX 13,500 per kilogram, Arabica parchment UGX14,500 per kilogram and Drugar UGX 13,500 per kilogram."
coffee_arabica_parchment,2025-09,14500.0,https://ugandacoffee.go.ug/sites/default/files/2025-10/12-September%202025%20Report%20pptx%281%29%20%281%29%20%281%29.pdf,September 2025,"Farm-gate prices for Robusta Kiboko averaged UGX 6,500/= per kilogram; FAQ UGX 13,500 per kilogram, Arabica parchment UGX14,500 per kilogram and Drugar UGX 13,500 per kilogram."
coffee_arabica_parchment,2025-10,16500.0,https://ugandacoffee.go.ug/sites/default/files/2025-12/October%202025%20Report.pdf,October 2025,"Farm-gate prices for Robusta Kiboko averaged UGX 7,000/= per kilogram; FAQ UGX 14,500 per kilogram, Arabica parchment UGX16,500 per kilogram and Drugar UGX 16,500 per kilogram."
coffee_arabica_parchment,2025-11,16500.0,https://ugandacoffee.go.ug/sites/default/files/2026-01/02-November%202025%20Report%20pptx%281%29%20%281%29.pdf,November 2025,"Farm-gate prices for Robusta Kiboko averaged UGX 6,800/= per kilogram; FAQ UGX 13,700 per kilogram, Arabica parchment UGX16,500 per kilogram and Drugar UGX 16,500 per kilogram."
coffee_arabica_parchment,2025-12,16750.0,https://ugandacoffee.go.ug/sites/default/files/2026-02/03-December%202025%20Report%20pptx.pdf,December 2025,"Farm-gate prices for Robusta Kiboko averaged UGX 6,750/= per kilogram; FAQ UGX 13,500 per kilogram, Arabica parchment UGX 16,750 per kilogram and Drugar UGX 16,500 per kilogram."
coffee_arabica_parchment,2026-01,16500.0,https://ugandacoffee.go.ug/sites/default/files/2026-03/04-January%202026%20Report%20pptx%20%281%29_Final.pdf,January 2026,"Farm-gate prices for Robusta Kiboko averaged UGX 6,250/= per kilogram; FAQ UGX 12,500 per kilogram, Arabica parchment UGX 16,500 per kilogram and Drugar UGX 16,500 per kilogram."
coffee_arabica_parchment,2026-02,15500.0,https://ugandacoffee.go.ug/sites/default/files/2026-04/05-February%202026%20Report%20pptx.pptx_final.pdf,February 2026,"Farm-gate prices for Robusta Kiboko averaged UGX 5,750/= per kilogram; FAQ UGX 12,250 per kilogram, Arabica parchment UGX 15,500 per kilogram and Drugar UGX 14,500 per kilogram."
coffee_arabica_parchment,2026-03,15000.0,https://ugandacoffee.go.ug/sites/default/files/2026-05/06-March%202026%20Report%20pptx%281%29_Final.pdf,March 2026,"Farm-gate prices for Robusta Kiboko averaged UGX 5,650 per kilogram; FAQ UGX 12,000 per kilogram, Arabica parchment UGX 15,000 per kilogram and Drugar UGX 14,500 per kilogram."
coffee_arabica_parchment,2026-04,15750.0,https://ugandacoffee.go.ug/sites/default/files/2026-05/07-April%202026%20Report%20pptx%281%29%20%281%29.pdf,April 2026,"Farm-gate prices for Robusta Kiboko averaged UGX 5,750 per kilogram; FAQ UGX 11,750 per kilogram, Arabica parchment UGX 15,750 per kilogram and Drugar UGX 14,500 per kilogram."
coffee_arabica_parchment,2026-05,15250.0,https://ugandacoffee.go.ug/sites/default/files/2026-06/08%20May%202026%20Report%20pptx%281%29%281%29.pptx_ii.pdf,May 2026,"Farm-gate prices for Robusta Kiboko averaged UGX 5,250 per kilogram; FAQ UGX 11,250 per kilogram, Arabica parchment UGX 15,250 per kilogram and Drugar UGX 14,500 per kilogram."
coffee_arabica_parchment,2026-06,15000.0,https://ugandacoffee.go.ug/sites/default/files/2026-07/Monthly%20Report%20for%20June%202026%20.pdf,June 2026,"Farm-gate prices for Robusta Kiboko averaged UGX 5,500 per kilogram; FAQ UGX 11,500 per kilogram, Arabica parchment UGX 15,000 per kilogram and Drugar UGX 14,500 per kilogram."
coffee_arabica_parchment,2026-07,15000.0,https://ugandacoffee.go.ug/sites/default/files/2026-09/10%20July%202026%20Report%20draft%282%29%281%29%281%29.pdf,July 2026,"Farm-gate prices for Robusta Kiboko averaged UGX 5,500 per kilogram; FAQ UGX 11,500 per kilogram, Arabica parchment UGX 15,000 per kilogram and Drugar UGX 14,500 per kilogram."
coffee_arabica_parchment,2026-08,15500.0,https://ugandacoffee.go.ug/sites/default/files/2026-09/11%20August%202026%20Report%20dpptx%20%281%29.pdf,August 2026,"Farm-gate prices for Robusta Kiboko averaged UGX 5,750 per kilogram; FAQ UGX 12,000 per kilogram, Arabica parchment UGX 15,500 per kilogram and Drugar UGX 14,750 per kilogram."
coffee_robusta_faq,2024-12,12500.0,https://ugandacoffee.go.ug/sites/default/files/2025-01/December%202024.pdf,December 2024,"Farm-gate prices for Robusta Kiboko averaged UGX 6,500 per kilo; FAQ UGX 12,500 per kilo, Arabica parchment UGX 12,500 per kilo and Drugar UGX 11,500 per kilo."
coffee_robusta_faq,2025-01,13000.0,https://ugandacoffee.go.ug/sites/default/files/2025-02/04-January%202025%20Report%20%281%29.Final_.pdf,January 2025,"Farm-gate prices for Robusta Kiboko averaged UGX 7,000 per kilo; FAQ UGX 13,000 per kilo, Arabica parchment UGX 13,250 per kilo and Drugar UGX 13,000 per kilo."
coffee_robusta_faq,2025-02,15500.0,https://ugandacoffee.go.ug/sites/default/files/2025-03/05-February%202025%20Report%20%281%29_Final.pdfI_.pdf,February 2025,"Farm-gate prices for Robusta Kiboko averaged UGX 7,750 per kilo; FAQ UGX 15,500 per kilo, Arabica parchment UGX 14,500 per kilo and Drugar UGX 13,250 per kilo."
coffee_robusta_faq,2025-03,15250.0,https://ugandacoffee.go.ug/sites/default/files/2025-05/06-March%202025%20Report%20%281%29_ppt%20%281%29.pdf,March 2025,"Farm-gate prices for Robusta Kiboko averaged UGX 7,600 per kilo; FAQ UGX 15,250 per kilo, Arabica parchment UGX 15,000 per kilo and Drugar UGX 14,500 per kilo."
coffee_robusta_faq,2025-04,14500.0,https://ugandacoffee.go.ug/sites/default/files/2025-05/07-April%202025%20Report%20pptx%281%29.pptxii.pdf,April 2025,"Farm-gate prices for Robusta Kiboko averaged UGX 7,200 per kilo; FAQ UGX 14,500 per kilo, Arabica parchment UGX 14,800 per kilo and Drugar UGX 14,000 per kilo."
coffee_robusta_faq,2025-05,13500.0,https://ugandacoffee.go.ug/sites/default/files/2025-06/08-May%202025%20Report%20pptx%281%29.pptx_II.pdf,May 2025,"Farm-gate prices for Robusta Kiboko averaged UGX 6,250 per kilogram; FAQ UGX 13,500 per kilogram, Arabica parchment UGX 14,000 per kilogram and Drugar UGX13,750 per kilogram."
coffee_robusta_faq,2025-06,11500.0,https://ugandacoffee.go.ug/sites/default/files/2025-07/09-June%202025%20Report%20pptx%281%29.pdf,June 2025,"Farm-gate prices for Robusta Kiboko averaged UGX 5,750 per kilogram; FAQ UGX 11,500 per kilogram, Arabica parchment UGX 14,000 per kilogram and Drugar UGX13,500 per kilogram."
coffee_robusta_faq,2025-07,10250.0,https://ugandacoffee.go.ug/sites/default/files/2025-08/10-July%202025%20Report%20pptx..pdfI_.pdf,July 2025,"Farm-gate prices for Robusta Kiboko averaged UGX 5,250 per kilogram; FAQ UGX 10,250 per kilogram, Arabica parchment UGX 13,750 per kilogram and Drugar UGX12,500 per kilogram."
coffee_robusta_faq,2025-08,13500.0,https://ugandacoffee.go.ug/sites/default/files/2025-10/11-August%202025%20Report%20pptx%281%29%20%281%29%20%281%29.pdf,August 2025,"Farm-gate prices for Robusta Kiboko averaged UGX 6,500/= per kilogram; FAQ UGX 13,500 per kilogram, Arabica parchment UGX14,500 per kilogram and Drugar UGX 13,500 per kilogram."
coffee_robusta_faq,2025-09,13500.0,https://ugandacoffee.go.ug/sites/default/files/2025-10/12-September%202025%20Report%20pptx%281%29%20%281%29%20%281%29.pdf,September 2025,"Farm-gate prices for Robusta Kiboko averaged UGX 6,500/= per kilogram; FAQ UGX 13,500 per kilogram, Arabica parchment UGX14,500 per kilogram and Drugar UGX 13,500 per kilogram."
coffee_robusta_faq,2025-10,14500.0,https://ugandacoffee.go.ug/sites/default/files/2025-12/October%202025%20Report.pdf,October 2025,"Farm-gate prices for Robusta Kiboko averaged UGX 7,000/= per kilogram; FAQ UGX 14,500 per kilogram, Arabica parchment UGX16,500 per kilogram and Drugar UGX 16,500 per kilogram."
coffee_robusta_faq,2025-11,13700.0,https://ugandacoffee.go.ug/sites/default/files/2026-01/02-November%202025%20Report%20pptx%281%29%20%281%29.pdf,November 2025,"Farm-gate prices for Robusta Kiboko averaged UGX 6,800/= per kilogram; FAQ UGX 13,700 per kilogram, Arabica parchment UGX16,500 per kilogram and Drugar UGX 16,500 per kilogram."
coffee_robusta_faq,2025-12,13500.0,https://ugandacoffee.go.ug/sites/default/files/2026-02/03-December%202025%20Report%20pptx.pdf,December 2025,"Farm-gate prices for Robusta Kiboko averaged UGX 6,750/= per kilogram; FAQ UGX 13,500 per kilogram, Arabica parchment UGX 16,750 per kilogram and Drugar UGX 16,500 per kilogram."
coffee_robusta_faq,2026-01,12500.0,https://ugandacoffee.go.ug/sites/default/files/2026-03/04-January%202026%20Report%20pptx%20%281%29_Final.pdf,January 2026,"Farm-gate prices for Robusta Kiboko averaged UGX 6,250/= per kilogram; FAQ UGX 12,500 per kilogram, Arabica parchment UGX 16,500 per kilogram and Drugar UGX 16,500 per kilogram."
coffee_robusta_faq,2026-02,12250.0,https://ugandacoffee.go.ug/sites/default/files/2026-04/05-February%202026%20Report%20pptx.pptx_final.pdf,February 2026,"Farm-gate prices for Robusta Kiboko averaged UGX 5,750/= per kilogram; FAQ UGX 12,250 per kilogram, Arabica parchment UGX 15,500 per kilogram and Drugar UGX 14,500 per kilogram."
coffee_robusta_faq,2026-03,12000.0,https://ugandacoffee.go.ug/sites/default/files/2026-05/06-March%202026%20Report%20pptx%281%29_Final.pdf,March 2026,"Farm-gate prices for Robusta Kiboko averaged UGX 5,650 per kilogram; FAQ UGX 12,000 per kilogram, Arabica parchment UGX 15,000 per kilogram and Drugar UGX 14,500 per kilogram."
coffee_robusta_faq,2026-04,11750.0,https://ugandacoffee.go.ug/sites/default/files/2026-05/07-April%202026%20Report%20pptx%281%29%20%281%29.pdf,April 2026,"Farm-gate prices for Robusta Kiboko averaged UGX 5,750 per kilogram; FAQ UGX 11,750 per kilogram, Arabica parchment UGX 15,750 per kilogram and Drugar UGX 14,500 per kilogram."
coffee_robusta_faq,2026-05,11250.0,https://ugandacoffee.go.ug/sites/default/files/2026-06/08%20May%202026%20Report%20pptx%281%29%281%29.pptx_ii.pdf,May 2026,"Farm-gate prices for Robusta Kiboko averaged UGX 5,250 per kilogram; FAQ UGX 11,250 per kilogram, Arabica parchment UGX 15,250 per kilogram and Drugar UGX 14,500 per kilogram."
coffee_robusta_faq,2026-06,11500.0,https://ugandacoffee.go.ug/sites/default/files/2026-07/Monthly%20Report%20for%20June%202026%20.pdf,June 2026,"Farm-gate prices for Robusta Kiboko averaged UGX 5,500 per kilogram; FAQ UGX 11,500 per kilogram, Arabica parchment UGX 15,000 per kilogram and Drugar UGX 14,500 per kilogram."
coffee_robusta_faq,2026-07,11500.0,https://ugandacoffee.go.ug/sites/default/files/2026-09/10%20July%202026%20Report%20draft%282%29%281%29%281%29.pdf,July 2026,"Farm-gate prices for Robusta Kiboko averaged UGX 5,500 per kilogram; FAQ UGX 11,500 per kilogram, Arabica parchment UGX 15,000 per kilogram and Drugar UGX 14,500 per kilogram."
coffee_robusta_faq,2026-08,12000.0,https://ugandacoffee.go.ug/sites/default/files/2026-09/11%20August%202026%20Report%20dpptx%20%281%29.pdf,August 2026,"Farm-gate prices for Robusta Kiboko averaged UGX 5,750 per kilogram; FAQ UGX 12,000 per kilogram, Arabica parchment UGX 15,500 per kilogram and Drugar UGX 14,750 per kilogram."
coffee_robusta_kiboko,2024-12,6500.0,https://ugandacoffee.go.ug/sites/default/files/2025-01/December%202024.pdf,December 2024,"Farm-gate prices for Robusta Kiboko averaged UGX 6,500 per kilo; FAQ UGX 12,500 per kilo, Arabica parchment UGX 12,500 per kilo and Drugar UGX 11,500 per kilo."
coffee_robusta_kiboko,2025-01,7000.0,https://ugandacoffee.go.ug/sites/default/files/2025-02/04-January%202025%20Report%20%281%29.Final_.pdf,January 2025,"Farm-gate prices for Robusta Kiboko averaged UGX 7,000 per kilo; FAQ UGX 13,000 per kilo, Arabica parchment UGX 13,250 per kilo and Drugar UGX 13,000 per kilo."
coffee_robusta_kiboko,2025-02,7750.0,https://ugandacoffee.go.ug/sites/default/files/2025-03/05-February%202025%20Report%20%281%29_Final.pdfI_.pdf,February 2025,"Farm-gate prices for Robusta Kiboko averaged UGX 7,750 per kilo; FAQ UGX 15,500 per kilo, Arabica parchment UGX 14,500 per kilo and Drugar UGX 13,250 per kilo."
coffee_robusta_kiboko,2025-03,7600.0,https://ugandacoffee.go.ug/sites/default/files/2025-05/06-March%202025%20Report%20%281%29_ppt%20%281%29.pdf,March 2025,"Farm-gate prices for Robusta Kiboko averaged UGX 7,600 per kilo; FAQ UGX 15,250 per kilo, Arabica parchment UGX 15,000 per kilo and Drugar UGX 14,500 per kilo."
coffee_robusta_kiboko,2025-04,7200.0,https://ugandacoffee.go.ug/sites/default/files/2025-05/07-April%202025%20Report%20pptx%281%29.pptxii.pdf,April 2025,"Farm-gate prices for Robusta Kiboko averaged UGX 7,200 per kilo; FAQ UGX 14,500 per kilo, Arabica parchment UGX 14,800 per kilo and Drugar UGX 14,000 per kilo."
coffee_robusta_kiboko,2025-05,6250.0,https://ugandacoffee.go.ug/sites/default/files/2025-06/08-May%202025%20Report%20pptx%281%29.pptx_II.pdf,May 2025,"Farm-gate prices for Robusta Kiboko averaged UGX 6,250 per kilogram; FAQ UGX 13,500 per kilogram, Arabica parchment UGX 14,000 per kilogram and Drugar UGX13,750 per kilogram."
coffee_robusta_kiboko,2025-06,5750.0,https://ugandacoffee.go.ug/sites/default/files/2025-07/09-June%202025%20Report%20pptx%281%29.pdf,June 2025,"Farm-gate prices for Robusta Kiboko averaged UGX 5,750 per kilogram; FAQ UGX 11,500 per kilogram, Arabica parchment UGX 14,000 per kilogram and Drugar UGX13,500 per kilogram."
coffee_robusta_kiboko,2025-07,5250.0,https://ugandacoffee.go.ug/sites/default/files/2025-08/10-July%202025%20Report%20pptx..pdfI_.pdf,July 2025,"Farm-gate prices for Robusta Kiboko averaged UGX 5,250 per kilogram; FAQ UGX 10,250 per kilogram, Arabica parchment UGX 13,750 per kilogram and Drugar UGX12,500 per kilogram."
coffee_robusta_kiboko,2025-08,6500.0,https://ugandacoffee.go.ug/sites/default/files/2025-10/11-August%202025%20Report%20pptx%281%29%20%281%29%20%281%29.pdf,August 2025,"Farm-gate prices for Robusta Kiboko averaged UGX 6,500/= per kilogram; FAQ UGX 13,500 per kilogram, Arabica parchment UGX14,500 per kilogram and Drugar UGX 13,500 per kilogram."
coffee_robusta_kiboko,2025-09,6500.0,https://ugandacoffee.go.ug/sites/default/files/2025-10/12-September%202025%20Report%20pptx%281%29%20%281%29%20%281%29.pdf,September 2025,"Farm-gate prices for Robusta Kiboko averaged UGX 6,500/= per kilogram; FAQ UGX 13,500 per kilogram, Arabica parchment UGX14,500 per kilogram and Drugar UGX 13,500 per kilogram."
coffee_robusta_kiboko,2025-10,7000.0,https://ugandacoffee.go.ug/sites/default/files/2025-12/October%202025%20Report.pdf,October 2025,"Farm-gate prices for Robusta Kiboko averaged UGX 7,000/= per kilogram; FAQ UGX 14,500 per kilogram, Arabica parchment UGX16,500 per kilogram and Drugar UGX 16,500 per kilogram."
coffee_robusta_kiboko,2025-11,6800.0,https://ugandacoffee.go.ug/sites/default/files/2026-01/02-November%202025%20Report%20pptx%281%29%20%281%29.pdf,November 2025,"Farm-gate prices for Robusta Kiboko averaged UGX 6,800/= per kilogram; FAQ UGX 13,700 per kilogram, Arabica parchment UGX16,500 per kilogram and Drugar UGX 16,500 per kilogram."
coffee_robusta_kiboko,2025-12,6750.0,https://ugandacoffee.go.ug/sites/default/files/2026-02/03-December%202025%20Report%20pptx.pdf,December 2025,"Farm-gate prices for Robusta Kiboko averaged UGX 6,750/= per kilogram; FAQ UGX 13,500 per kilogram, Arabica parchment UGX 16,750 per kilogram and Drugar UGX 16,500 per kilogram."
coffee_robusta_kiboko,2026-01,6250.0,https://ugandacoffee.go.ug/sites/default/files/2026-03/04-January%202026%20Report%20pptx%20%281%29_Final.pdf,January 2026,"Farm-gate prices for Robusta Kiboko averaged UGX 6,250/= per kilogram; FAQ UGX 12,500 per kilogram, Arabica parchment UGX 16,500 per kilogram and Drugar UGX 16,500 per kilogram."
coffee_robusta_kiboko,2026-02,5750.0,https://ugandacoffee.go.ug/sites/default/files/2026-04/05-February%202026%20Report%20pptx.pptx_final.pdf,February 2026,"Farm-gate prices for Robusta Kiboko averaged UGX 5,750/= per kilogram; FAQ UGX 12,250 per kilogram, Arabica parchment UGX 15,500 per kilogram and Drugar UGX 14,500 per kilogram."
coffee_robusta_kiboko,2026-03,5650.0,https://ugandacoffee.go.ug/sites/default/files/2026-05/06-March%202026%20Report%20pptx%281%29_Final.pdf,March 2026,"Farm-gate prices for Robusta Kiboko averaged UGX 5,650 per kilogram; FAQ UGX 12,000 per kilogram, Arabica parchment UGX 15,000 per kilogram and Drugar UGX 14,500 per kilogram."
coffee_robusta_kiboko,2026-04,5750.0,https://ugandacoffee.go.ug/sites/default/files/2026-05/07-April%202026%20Report%20pptx%281%29%20%281%29.pdf,April 2026,"Farm-gate prices for Robusta Kiboko averaged UGX 5,750 per kilogram; FAQ UGX 11,750 per kilogram, Arabica parchment UGX 15,750 per kilogram and Drugar UGX 14,500 per kilogram."
coffee_robusta_kiboko,2026-05,5250.0,https://ugandacoffee.go.ug/sites/default/files/2026-06/08%20May%202026%20Report%20pptx%281%29%281%29.pptx_ii.pdf,May 2026,"Farm-gate prices for Robusta Kiboko averaged UGX 5,250 per kilogram; FAQ UGX 11,250 per kilogram, Arabica parchment UGX 15,250 per kilogram and Drugar UGX 14,500 per kilogram."
coffee_robusta_kiboko,2026-06,5500.0,https://ugandacoffee.go.ug/sites/default/files/2026-07/Monthly%20Report%20for%20June%202026%20.pdf,June 2026,"Farm-gate prices for Robusta Kiboko averaged UGX 5,500 per kilogram; FAQ UGX 11,500 per kilogram, Arabica parchment UGX 15,000 per kilogram and Drugar UGX 14,500 per kilogram."
coffee_robusta_kiboko,2026-07,5500.0,https://ugandacoffee.go.ug/sites/default/files/2026-09/10%20July%202026%20Report%20draft%282%29%281%29%281%29.pdf,July 2026,"Farm-gate prices for Robusta Kiboko averaged UGX 5,500 per kilogram; FAQ UGX 11,500 per kilogram, Arabica parchment UGX 15,000 per kilogram and Drugar UGX 14,500 per kilogram."
coffee_robusta_kiboko,2026-08,5750.0,https://ugandacoffee.go.ug/sites/default/files/2026-09/11%20August%202026%20Report%20dpptx%20%281%29.pdf,August 2026,"Farm-gate prices for Robusta Kiboko averaged UGX 5,750 per kilogram; FAQ UGX 12,000 per kilogram, Arabica parchment UGX 15,500 per kilogram and Drugar UGX 14,750 per kilogram."
