id,title,publisher,url,licence,accessed
plantwise-rw014-coffee-rust,"Coffee leaf rust (Factsheet for farmers RW014En, Rwanda 2012; relevant to Ghana, Kenya, Rwanda)",CABI Plantwise / Rwanda Agriculture Board,https://plantwiseplusknowledgebank.org/doi/10.1079/PWKB.20127801774,CC BY-SA 4.0,2026-10-04
pppw-142-coffee-brown-eye-spot,"Coffee brown-eye spot (Fact sheet 142, G. Jackson)",Pacific Pests Pathogens & Weeds (ACIAR / SPC),https://apps.lucidcentral.org/ppp/text/web_full/entities/coffee_browneye_spot_142.htm,"Free online fact sheet; paraphrased, terms to confirm",2026-10-04
insects-2021-coffee-leaf-miner,"A Comprehensive Review of the Coffee Leaf Miner Leucoptera coffeella (Dantas et al., Insects 12(12):1130, 2021)",MDPI Insects,https://doi.org/10.3390/insects12121130,CC BY 4.0,2026-10-04
cultivar-2024-coffee-phoma,"Phoma spot or Ascochyta spot of coffee (M. C. Pereira, P. R. Reis, 2024-09-12)",Revista Cultivar,https://revistacultivar.com/articles/phoma-spot-or-ascochyta-spot-of-coffee,"Copyright publisher; paraphrased and cited",2026-10-04
pppw-401-fall-armyworm,"Fall armyworm (Fact sheet 401, G. Jackson)",Pacific Pests Pathogens & Weeds (ACIAR / SPC),https://apps.lucidcentral.org/ppp/text/web_full/entities/fall_armyworm_401.htm,"Free online fact sheet; paraphrased, terms to confirm",2026-10-04
pppw-226-maize-northern-leaf-blight,"Maize northern leaf blight (Fact sheet 226, G. Jackson)",Pacific Pests Pathogens & Weeds (ACIAR / SPC),https://apps.lucidcentral.org/ppp/text/web_full/entities/maize_northern_leaf_blight_226.htm,"Free online fact sheet; paraphrased, terms to confirm",2026-10-04
pppw-217-bean-rust,"Bean (Phaseolus) rust (Fact sheet 217, G. Jackson)",Pacific Pests Pathogens & Weeds (ACIAR / SPC),https://apps.lucidcentral.org/ppp/text/web_full/entities/bean_phaseolus_rust_217.htm,"Free online fact sheet; paraphrased, terms to confirm",2026-10-04
pppw-216-bean-angular-leaf-spot,"Bean angular leaf spot (Fact sheet 216, G. Jackson)",Pacific Pests Pathogens & Weeds (ACIAR / SPC),https://apps.lucidcentral.org/ppp/text/web_full/entities/bean_angular_leaf_spot_216.htm,"Free online fact sheet; paraphrased, terms to confirm",2026-10-04
wfp-hdx-uga,"Uganda - Food Prices (WFP VAM), retail maize and beans by market",WFP via Humanitarian Data Exchange,https://data.humdata.org/dataset/wfp-food-prices-for-uganda,CC BY-IGO,2026-10-04
wfp-hdx-uga-derived,"Uganda - Food Prices (WFP VAM): national 25th-75th percentile across reporting markets, computed by Pandastic",Pandastic (derived from WFP via HDX),https://data.humdata.org/dataset/wfp-food-prices-for-uganda,CC BY-IGO (derived),2026-10-04
plantwise-zm013-maize-grey-leaf-spot,"Grey leaf spot disease management in maize (Factsheet for farmers ZM013En, Zambia 2013)",CABI Plantwise / Zambia Ministry of Agriculture and Livestock,https://plantwiseplusknowledgebank.org/doi/full/10.1079/pwkb.20147801404,CC BY-SA 4.0,2026-10-04
