id,lang,intent,crop,symptom,commodity,offer
f1,sw,diagnose,coffee,miner,,
f2,en,help,coffee,,,
f3,sw,diagnose,coffee,miner,,
f4,en,diagnose,coffee,cercospora,,
f5,sw,diagnose,maize,leaf_blight,,
f6,en,diagnose,maize,fall_armyworm,,
f7,sw,diagnose,maize,lethal_necrosis,,
f8,en,diagnose,maize,leaf_blight,,
f9,sw,diagnose,bean,cercospora,,
f10,en,diagnose,bean,rust,,
f11,sw,diagnose,maize,lethal_necrosis,,
f12,en,diagnose,coffee,,,
f13,sw,diagnose,coffee,leaf_blight,,
f14,en,diagnose,maize,leaf_blight,,
f15,sw,diagnose,coffee,lethal_necrosis,,
f16,sw,diagnose,coffee,,,
f17,sw,price,coffee,,coffee_arabica_parchment,
f18,sw,price,coffee,,coffee_arabica_parchment,12500
f19,en,diagnose,coffee,,,
f20,sw,price,coffee,,coffee_robusta_kiboko,5800
f21,sw,diagnose,maize,,,
f22,en,diagnose,maize,,,
f23,sw,price,bean,,beans_dry,3000
f24,en,help,bean,,,
f25,sw,price,coffee,,coffee_arabica_parchment,15000
f26,sw,price,maize,,maize_grain,950
f27,en,price,coffee,,coffee_arabica_drugar,
f28,sw,help,maize,,,
f29,sw,price,bean,,beans_dry,2500
f30,sw,price,coffee,,coffee_arabica_parchment,
f31,sw,diagnose,bean,,,
f32,en,planting,maize,,,
f33,sw,diagnose,coffee,,,
f34,en,planting,maize,,,
f35,sw,help,,,,
f36,en,help,maize,,,
f37,sw,help,,,,
f38,sw,other,,,,
f39,en,other,,,,
f40,sw,other,,,,
